,zip,rent_burden_total_renter_households,rent_lt_10pct_income,rent_10_to_14_9pct_income,rent_15_to_19_9pct_income,rent_20_to_24_9pct_income,rent_25_to_29_9pct_income,rent_30_to_34_9pct_income,rent_35_to_39_9pct_income,rent_40_to_49_9pct_income,rent_50pct_or_more_income,rent_not_computed,housing_units_total,median_gross_rent,median_household_income,occupancy_total_units,occupied_units,vacant_units,tenure_total_occupied_units,owner_occupied_units,renter_occupied_units,total_population,year_built_total_units,built_2020_or_later,built_2010_2019,built_2000_2009,built_1990_1999,built_1980_1989,built_1970_1979,built_1960_1969,built_1950_1959,built_1940_1949,built_1939_or_earlier,zipcode,total_units,stabilized_units,stabilized_buildings,total_buildings,stabilization_share,vacancy_rate,homeownership_rate,new_construction_share,renter_density,pre_war_share,pred_rent_w_stab,pred_rent_clean_wo_stab
0,10001,11939.0,917.0,1502.0,1801.0,1484.0,1181.0,1074.0,546.0,892.0,2137.0,405.0,18356.0,3361.0,129852.0,18356.0,15737.0,2619.0,15737.0,3798.0,11939.0,30511.0,18356.0,280.0,5049.0,2404.0,296.0,590.0,423.0,3290.0,553.0,508.0,4963.0,10001,22303.0,12310.0,127,356,0.5519436847060933,0.14267814338635867,0.20690782305513183,0.29031379385487033,0.6504140335585095,0.2703748093266507,2628.692485141113,2622.658411165429
1,10002,29732.0,1688.0,2438.0,2857.0,3466.0,3197.0,3752.0,1338.0,2076.0,7758.0,1162.0,40696.0,1229.0,48386.0,40696.0,36556.0,4140.0,36556.0,6824.0,29732.0,76873.0,40696.0,403.0,1940.0,1590.0,1313.0,2373.0,3566.0,4822.0,6003.0,2838.0,15848.0,10002,36840.0,14431.0,601,1180,0.3917209554831705,0.10172989974444663,0.16768232750147435,0.05757322586986436,0.730587772754079,0.38942402201690585,1434.93644778778,1433.9676007054152
2,10003,15410.0,1031.0,2255.0,1722.0,1455.0,1355.0,1147.0,1171.0,1148.0,3480.0,646.0,30413.0,3049.0,154262.0,30413.0,24503.0,5910.0,24503.0,9093.0,15410.0,53560.0,30413.0,50.0,683.0,989.0,558.0,1555.0,1560.0,4611.0,2456.0,1425.0,16526.0,10003,33576.0,18652.0,602,1479,0.5555158446509412,0.19432479531779173,0.298983987110775,0.024101535527570446,0.5066912175714333,0.5433860520172294,2783.8846671229035,2774.7985603945563
3,10004,1060.0,21.0,119.0,255.0,84.0,39.0,128.0,72.0,136.0,206.0,0.0,2247.0,3501.0,250001.0,2247.0,1865.0,382.0,1865.0,805.0,1060.0,3711.0,2247.0,0.0,221.0,421.0,44.0,115.0,18.0,33.0,5.0,6.0,1384.0,10004,4492.0,1248.0,5,37,0.2778272484416741,0.17000445037828216,0.3582554517133956,0.09835336003560302,0.4717400979083222,0.6159323542501113,3942.237382391107,3944.63443164999
4,10005,4323.0,77.0,515.0,461.0,664.0,559.0,364.0,188.0,331.0,1164.0,0.0,6606.0,3501.0,190233.0,6606.0,5248.0,1358.0,5248.0,925.0,4323.0,9439.0,6606.0,0.0,161.0,841.0,601.0,125.0,515.0,393.0,339.0,218.0,3413.0,10005,6871.0,2923.0,8,25,0.4254111483044681,0.20557069330911293,0.1400242204056918,0.02437178322736906,0.6544050862851952,0.5166515289131093,3267.9759575647777,3268.2677036473947
5,10006,1812.0,3.0,332.0,216.0,315.0,205.0,117.0,67.0,105.0,452.0,0.0,2485.0,3501.0,190170.0,2485.0,2149.0,336.0,2149.0,337.0,1812.0,4096.0,2485.0,0.0,224.0,76.0,26.0,42.0,26.0,22.0,126.0,56.0,1887.0,10006,3585.0,2054.0,10,25,0.5729428172942818,0.1352112676056338,0.13561368209255534,0.09014084507042254,0.7291750503018108,0.7593561368209255,3360.973240761707,3360.0161328998183
6,10007,2326.0,467.0,316.0,373.0,250.0,116.0,230.0,101.0,120.0,341.0,12.0,3870.0,3501.0,250001.0,3870.0,3344.0,526.0,3344.0,1018.0,2326.0,7406.0,3870.0,13.0,268.0,1352.0,385.0,521.0,61.0,62.0,124.0,0.0,1084.0,10007,4919.0,2020.0,23,144,0.4106525716609067,0.1359173126614987,0.26304909560723516,0.07260981912144703,0.6010335917312661,0.2801033591731266,3803.9735517136232,3803.1057950217414
7,10009,26954.0,1966.0,2524.0,3739.0,3279.0,2839.0,2282.0,1643.0,1768.0,5275.0,1639.0,32252.0,2006.0,92876.0,32252.0,30082.0,2170.0,30082.0,3128.0,26954.0,60209.0,32252.0,21.0,1562.0,1177.0,958.0,1331.0,1602.0,3300.0,2430.0,8701.0,11170.0,10009,34333.0,20344.0,535,1102,0.5925494422275944,0.06728264913803796,0.09698623341188144,0.04908222745876225,0.8357311174500807,0.34633511100086817,1821.141100551805,1814.9730988413432
8,10010,11276.0,994.0,1279.0,1399.0,1519.0,978.0,1183.0,484.0,658.0,2470.0,312.0,19060.0,3326.0,144969.0,19060.0,15632.0,3428.0,15632.0,4356.0,11276.0,30702.0,19060.0,0.0,1145.0,1085.0,320.0,1065.0,2786.0,2466.0,1079.0,2592.0,6522.0,10010,20251.0,10951.0,161,378,0.5407634190904153,0.17985309548793285,0.2285414480587618,0.060073452256033576,0.5916054564533053,0.34218258132214063,2645.944965562731,2639.4316919673856
9,10011,17822.0,1260.0,1975.0,2228.0,2572.0,1613.0,1570.0,947.0,1620.0,3446.0,591.0,34845.0,3050.0,145987.0,34845.0,27802.0,7043.0,27802.0,9980.0,17822.0,48277.0,34845.0,99.0,1824.0,3109.0,1045.0,965.0,1751.0,4815.0,2004.0,992.0,18241.0,10011,34405.0,2568.0,52,1671,0.0746403139078622,0.20212369062993255,0.28641124982063426,0.055187257856220404,0.5114650595494332,0.5234897402783757,2576.8204242160828,2580.8944336130735
10,10012,9229.0,1069.0,1127.0,1263.0,913.0,1021.0,861.0,402.0,509.0,1775.0,289.0,14529.0,2895.0,137106.0,14529.0,11901.0,2628.0,11901.0,2672.0,9229.0,21426.0,14529.0,52.0,353.0,531.0,373.0,713.0,686.0,1216.0,799.0,268.0,9538.0,10012,15639.0,0.0,0,928,0.0,0.18087962007020442,0.1839080459770115,0.027875283914928762,0.6352123339527841,0.6564801431619519,2483.8241925170864,2492.861065715583
11,10013,8548.0,1321.0,982.0,680.0,552.0,799.0,578.0,405.0,811.0,2000.0,420.0,15787.0,2598.0,161154.0,15787.0,12230.0,3557.0,12230.0,3682.0,8548.0,27219.0,15787.0,12.0,1536.0,1392.0,389.0,479.0,830.0,467.0,151.0,218.0,10313.0,10013,16236.0,0.0,0,1103,0.0,0.22531196554126814,0.2332298726800532,0.09805536200671439,0.5414581617786787,0.6532590105783239,2794.1261123262534,2800.5900348793984
12,10014,11979.0,934.0,1710.0,1620.0,2067.0,801.0,933.0,289.0,912.0,2282.0,431.0,21644.0,3123.0,176395.0,21644.0,17218.0,4426.0,17218.0,5239.0,11979.0,29230.0,21644.0,136.0,383.0,813.0,165.0,1225.0,710.0,1906.0,827.0,761.0,14718.0,10014,23107.0,0.0,0,1662,0.0,0.2044908519682129,0.24205322491221587,0.02397893180558122,0.5534559231195713,0.6800036961744594,3044.5432170405834,3052.465833335902
13,10016,22651.0,1282.0,2174.0,2165.0,2507.0,3351.0,1898.0,947.0,2132.0,5269.0,926.0,37219.0,3433.0,140381.0,37219.0,30235.0,6984.0,30235.0,7584.0,22651.0,52971.0,37219.0,203.0,3227.0,2240.0,1772.0,5702.0,4207.0,6044.0,2458.0,1833.0,9533.0,10016,41045.0,16.0,1,960,0.0003898160555487,0.18764609473655927,0.20376689325344582,0.0921572315215347,0.6085870120099949,0.25613262043579893,3034.7160828054075,3040.253536803674
14,10017,6602.0,332.0,686.0,579.0,542.0,566.0,631.0,371.0,534.0,2167.0,194.0,12801.0,2925.0,136705.0,12801.0,9683.0,3118.0,9683.0,3081.0,6602.0,15297.0,12801.0,36.0,988.0,869.0,144.0,1609.0,490.0,2236.0,1216.0,404.0,4809.0,10017,15193.0,0.0,0,193,0.0,0.24357472072494338,0.2406843215373799,0.0799937504882431,0.5157409577376767,0.3756737754862901,2772.196800660352,2778.4155477406084
15,10018,4254.0,232.0,449.0,442.0,485.0,479.0,364.0,284.0,374.0,1020.0,125.0,5677.0,3501.0,145958.0,5677.0,4783.0,894.0,4783.0,529.0,4254.0,8559.0,5677.0,89.0,1980.0,1422.0,126.0,125.0,3.0,264.0,110.0,71.0,1487.0,10018,9856.0,14.0,1,152,0.0014204545454545,0.1574775409547296,0.09318301920028184,0.3644530561916505,0.7493394398449885,0.2619341201338735,2778.271110220594,2790.5769854683617
16,10019,21120.0,1211.0,1953.0,3143.0,2547.0,2511.0,2200.0,1053.0,2107.0,3795.0,600.0,33109.0,2924.0,128559.0,33109.0,26682.0,6427.0,26682.0,5562.0,21120.0,44942.0,33109.0,39.0,3610.0,3674.0,2575.0,3753.0,2667.0,3679.0,1686.0,2087.0,9339.0,10019,36503.0,76.0,4,672,0.0020820206558365,0.19411640339484731,0.167990576580386,0.11021172490863511,0.6378930200247667,0.28206831979220154,2680.676394244658,2686.693878373247
18,10021,11579.0,736.0,1705.0,1022.0,1646.0,1595.0,789.0,788.0,443.0,2276.0,579.0,30186.0,3067.0,158677.0,30186.0,20953.0,9233.0,20953.0,9374.0,11579.0,39868.0,30186.0,0.0,345.0,595.0,1127.0,3642.0,2956.0,7890.0,2996.0,1607.0,9028.0,10021,30800.0,261.0,3,1030,0.0084740259740259,0.30587027098655006,0.31054131054131057,0.01142913933611608,0.3835884184721394,0.2990790432650898,3069.960540677398,3071.6983994410716
19,10022,9018.0,657.0,827.0,987.0,982.0,933.0,509.0,576.0,666.0,2256.0,625.0,25715.0,2985.0,172026.0,25715.0,18804.0,6911.0,18804.0,9786.0,9018.0,34049.0,25715.0,80.0,791.0,1071.0,1143.0,1524.0,2812.0,5050.0,4783.0,1107.0,7354.0,10022,28367.0,233.0,2,708,0.0082137695209221,0.268753645732063,0.38055609566400933,0.03387128135329574,0.35069025860392766,0.2859809449737507,3017.4548789539745,3021.100107168574
20,10023,23354.0,1548.0,1850.0,3361.0,3070.0,2886.0,1854.0,1865.0,932.0,4887.0,1101.0,46860.0,3239.0,159874.0,46860.0,37708.0,9152.0,37708.0,14354.0,23354.0,69455.0,46860.0,276.0,3850.0,2401.0,2258.0,3312.0,3411.0,6982.0,2299.0,1909.0,20162.0,10023,44073.0,272.0,1,1133,0.0061715789712522,0.19530516431924883,0.3063166880068289,0.08804950917626973,0.4983781476739223,0.43026034997865986,2913.782706951403,2918.6909455004234
21,10024,18943.0,1626.0,2657.0,2535.0,2031.0,1878.0,1293.0,1793.0,1397.0,3388.0,345.0,36791.0,3041.0,181560.0,36791.0,30120.0,6671.0,30120.0,11177.0,18943.0,63115.0,36791.0,0.0,982.0,269.0,614.0,3288.0,1612.0,862.0,1312.0,1495.0,26357.0,10024,35763.0,0.0,0,1611,0.0,0.18132151884971867,0.303797124296703,0.026691310374819928,0.5148813568535783,0.7163980321274225,3209.033328946415,3213.5821660938122
22,10025,28474.0,1978.0,3047.0,3613.0,2971.0,2391.0,2226.0,811.0,1923.0,7824.0,1690.0,47746.0,2084.0,108940.0,47746.0,41334.0,6412.0,41334.0,12860.0,28474.0,93065.0,47746.0,260.0,889.0,1720.0,545.0,1465.0,2412.0,5395.0,3196.0,1826.0,30038.0,10025,49416.0,0.0,0,1367,0.0,0.13429397226992837,0.2693419344028819,0.024064843128220166,0.5963640933271898,0.6291207640430612,1981.7707831848177,1989.123998251056
23,10026,11964.0,746.0,1214.0,1208.0,1259.0,2011.0,651.0,551.0,1000.0,2685.0,639.0,17853.0,1657.0,81244.0,17853.0,15634.0,2219.0,15634.0,3670.0,11964.0,37123.0,17853.0,145.0,985.0,2834.0,554.0,1196.0,739.0,985.0,1760.0,1089.0,7566.0,10026,15447.0,0.0,0,874,0.0,0.1242928359379376,0.20556769170447545,0.06329468436677309,0.670139472357587,0.4237943202823055,1838.4421683852916,1848.0579270454332
24,10027,20525.0,942.0,1953.0,2087.0,2175.0,2176.0,1839.0,747.0,1313.0,5635.0,1658.0,28507.0,1531.0,59587.0,28507.0,24856.0,3651.0,24856.0,4331.0,20525.0,63885.0,28507.0,549.0,1670.0,1430.0,890.0,787.0,1350.0,1688.0,4851.0,2000.0,13292.0,10027,30344.0,88.0,2,1749,0.0029000790930661,0.12807380643350755,0.15192759673062756,0.07784053039604308,0.7199985968358649,0.4662714421019399,1532.25325998734,1543.8319264264733
25,10028,16175.0,1045.0,1648.0,2842.0,1989.0,1580.0,1304.0,776.0,931.0,3381.0,679.0,30568.0,2825.0,175121.0,30568.0,26288.0,4280.0,26288.0,10113.0,16175.0,49077.0,30568.0,179.0,466.0,1041.0,732.0,2247.0,2153.0,7150.0,3972.0,1129.0,11499.0,10028,31012.0,811.0,7,1068,0.0261511672900812,0.1400157026956294,0.33083616854226644,0.021100497252028266,0.5291481287621042,0.37617770217220625,2980.3382322337984,2987.0208731894313
26,10029,31242.0,1674.0,2517.0,3190.0,3173.0,3300.0,3341.0,1797.0,1865.0,8791.0,1594.0,37055.0,1247.0,38695.0,37055.0,33660.0,3395.0,33660.0,2418.0,31242.0,77447.0,37055.0,241.0,1987.0,2384.0,1149.0,1234.0,4101.0,7281.0,6659.0,2319.0,9700.0,10029,36366.0,8519.0,332,1141,0.2342572732772369,0.09162056402644718,0.06525435163945487,0.06012683848333558,0.8431250843340979,0.26177304007556335,1302.5822562634944,1308.0834239940323
27,10030,11306.0,660.0,631.0,765.0,725.0,1003.0,1108.0,845.0,899.0,4110.0,560.0,14827.0,1282.0,39802.0,14827.0,13092.0,1735.0,13092.0,1786.0,11306.0,29297.0,14827.0,65.0,506.0,543.0,1276.0,531.0,514.0,1445.0,1137.0,615.0,8195.0,10030,13836.0,6395.0,310,972,0.4622000578201792,0.11701625413097727,0.12045592500168611,0.0385108248465637,0.7625278208673366,0.5527078977540972,1241.0413236318916,1239.8534700126809
28,10031,19316.0,1060.0,1810.0,2153.0,2031.0,1653.0,1188.0,1119.0,1486.0,5780.0,1036.0,24305.0,1769.0,65283.0,24305.0,22499.0,1806.0,22499.0,3183.0,19316.0,61058.0,24305.0,101.0,503.0,431.0,292.0,537.0,1969.0,1022.0,1768.0,1440.0,16242.0,10031,22381.0,15218.0,550,1435,0.6799517447835217,0.0743056984159638,0.13096070767331824,0.02485085373379963,0.794733593910718,0.6682575601728039,1597.864129334428,1592.2944303768804
29,10032,19748.0,1230.0,1200.0,1676.0,1578.0,2309.0,2265.0,1543.0,1828.0,5464.0,655.0,23292.0,1603.0,56829.0,23292.0,21584.0,1708.0,21584.0,1836.0,19748.0,55610.0,23292.0,0.0,1079.0,235.0,514.0,388.0,910.0,1720.0,944.0,2908.0,14594.0,10032,22587.0,17614.0,511,840,0.779829105237526,0.07332989867765756,0.07882534775888717,0.0463249184269277,0.8478447535634552,0.6265670616520694,1490.2433418673652,1481.4372511807708
30,10033,16811.0,618.0,1538.0,1894.0,1906.0,1473.0,1466.0,891.0,1500.0,4751.0,774.0,21607.0,1726.0,75040.0,21607.0,19973.0,1634.0,19973.0,3162.0,16811.0,54838.0,21607.0,90.0,116.0,471.0,232.0,205.0,503.0,1489.0,855.0,2150.0,15496.0,10033,20284.0,14904.0,387,583,0.734766318280418,0.07562364048687925,0.14634146341463414,0.009533947331883187,0.7780348960984866,0.717174989586708,1729.5066630689853,1722.983790735454
31,10034,13527.0,744.0,1751.0,1381.0,1429.0,867.0,1318.0,633.0,1229.0,3612.0,563.0,16551.0,1629.0,67754.0,16551.0,15308.0,1243.0,15308.0,1781.0,13527.0,37758.0,16551.0,69.0,89.0,185.0,61.0,460.0,646.0,1112.0,2000.0,2313.0,9616.0,10034,17503.0,13278.0,293,368,0.7586128092327029,0.07510120234426923,0.10760679113044529,0.009546250981813787,0.8172920065252854,0.5809920850703885,1689.4816450023893,1682.0264731305551
32,10035,13939.0,758.0,787.0,1256.0,1753.0,1518.0,1335.0,847.0,984.0,3992.0,709.0,17188.0,1326.0,45121.0,17188.0,15655.0,1533.0,15655.0,1716.0,13939.0,38862.0,17188.0,171.0,1843.0,2185.0,955.0,689.0,2254.0,1550.0,2500.0,758.0,4283.0,10035,18289.0,8157.0,307,974,0.4460057958335611,0.08919013265068652,0.0998370956481266,0.11717477309750989,0.8109727717011869,0.249185478240633,1386.61599326289,1387.0804938184178
33,10036,17003.0,889.0,1597.0,1698.0,2037.0,2242.0,1694.0,1058.0,1701.0,3765.0,322.0,22746.0,2358.0,95638.0,22746.0,18991.0,3755.0,18991.0,1988.0,17003.0,31036.0,22746.0,96.0,4312.0,4854.0,1378.0,1567.0,2577.0,1028.0,474.0,852.0,5608.0,10036,21272.0,11785.0,264,564,0.5540146671681083,0.16508397080805418,0.08739998241449046,0.19379231513233097,0.7475160467774554,0.24654884375274774,2274.0637376163813,2268.958049465869
34,10037,9014.0,809.0,581.0,715.0,705.0,720.0,823.0,575.0,759.0,2550.0,777.0,10924.0,1445.0,49153.0,10924.0,9982.0,942.0,9982.0,968.0,9014.0,19031.0,10924.0,0.0,579.0,250.0,214.0,279.0,971.0,2449.0,3480.0,1547.0,1155.0,10037,11155.0,7589.0,120,277,0.6803227252353204,0.0862321493958257,0.08861222995239838,0.05300256316367631,0.825155620651776,0.10573050164774808,1406.831869405514,1399.7039298466786
35,10038,6951.0,369.0,708.0,934.0,662.0,759.0,645.0,381.0,551.0,1501.0,441.0,12256.0,3189.0,105419.0,12256.0,10162.0,2094.0,10162.0,3211.0,6951.0,22235.0,12256.0,131.0,1666.0,1066.0,260.0,289.0,1942.0,1757.0,1469.0,641.0,3035.0,10038,16374.0,4103.0,51,189,0.2505801881030902,0.170855091383812,0.26199412532637073,0.14662206266318537,0.5671507832898173,0.24763381201044388,2170.157148003454,2172.454338873483
36,10039,11195.0,857.0,719.0,1176.0,1434.0,674.0,1169.0,934.0,1048.0,2826.0,358.0,14049.0,1200.0,45371.0,14049.0,12966.0,1083.0,12966.0,1771.0,11195.0,32492.0,14049.0,31.0,653.0,1182.0,179.0,570.0,696.0,4088.0,1397.0,958.0,4295.0,10039,11824.0,4888.0,174,232,0.4133964817320704,0.07708733717702328,0.1260587942202292,0.04868673926969891,0.7968538686027475,0.3057157093031532,1333.4202230400433,1333.5219208186857
37,10040,13347.0,501.0,1109.0,1235.0,1598.0,1435.0,901.0,528.0,1032.0,4337.0,671.0,17131.0,1685.0,65516.0,17131.0,15861.0,1270.0,15861.0,2514.0,13347.0,40096.0,17131.0,0.0,205.0,127.0,253.0,198.0,394.0,1923.0,2208.0,2060.0,9763.0,10040,16794.0,11459.0,242,338,0.6823270215553173,0.0741346097717588,0.1467515031229934,0.011966610238748468,0.7791138871052478,0.5699025159068356,1669.976171745717,1664.2443021231115
38,10044,4199.0,221.0,341.0,464.0,381.0,385.0,325.0,188.0,497.0,1319.0,78.0,5978.0,3327.0,103347.0,5978.0,5175.0,803.0,5175.0,976.0,4199.0,11520.0,5978.0,102.0,609.0,1009.0,284.0,892.0,2150.0,522.0,52.0,0.0,358.0,10044,12308.0,558.0,2,14,0.0453363665908352,0.13432586149213785,0.16326530612244897,0.11893609902977584,0.7024088323854132,0.05988624958179993,2090.25962915678,2100.612607246143
39,10065,10336.0,1235.0,1193.0,1276.0,857.0,928.0,994.0,377.0,728.0,2355.0,393.0,22448.0,2907.0,155331.0,22448.0,16188.0,6260.0,16188.0,5852.0,10336.0,30808.0,22448.0,0.0,242.0,597.0,506.0,1370.0,2252.0,5999.0,2733.0,1473.0,7276.0,10065,22721.0,13070.0,228,851,0.5752387658993883,0.27886671418389164,0.26069137562366357,0.010780470420527441,0.46044191019244474,0.3241268709907341,2758.8606214452475,2746.6151682598575
40,10069,2100.0,198.0,219.0,224.0,336.0,62.0,53.0,113.0,208.0,370.0,317.0,3392.0,3501.0,233636.0,3392.0,2934.0,458.0,2934.0,834.0,2100.0,6509.0,3392.0,0.0,781.0,1838.0,615.0,81.0,0.0,35.0,42.0,0.0,0.0,10069,4221.0,1403.0,4,13,0.3323856905946458,0.13502358490566038,0.24587264150943397,0.23024764150943397,0.6191037735849056,0.0,3568.08725727457,3569.3499543661565
41,10075,6328.0,532.0,481.0,766.0,806.0,455.0,588.0,502.0,489.0,1241.0,468.0,15218.0,2658.0,155902.0,15218.0,11519.0,3699.0,11519.0,5191.0,6328.0,21897.0,15218.0,118.0,105.0,490.0,470.0,1570.0,1773.0,2865.0,1624.0,861.0,5342.0,10075,17837.0,9508.0,221,594,0.5330492795873746,0.24306742016033644,0.3411092127743462,0.014653699566303063,0.41582336706531736,0.3510316730187935,2793.6927190638658,2784.0759723268634
43,10128,21089.0,1493.0,1991.0,2915.0,3279.0,2287.0,1755.0,696.0,899.0,4892.0,882.0,36176.0,2647.0,147772.0,36176.0,30601.0,5575.0,30601.0,9512.0,21089.0,57976.0,36176.0,73.0,721.0,1512.0,1772.0,4132.0,5817.0,3763.0,2821.0,2305.0,13260.0,10128,35897.0,14699.0,422,1176,0.4094771150792545,0.15410769570986288,0.26293675364882796,0.02194825298540469,0.5829555506413091,0.36654135338345867,2735.0603250907316,2730.771888681464
44,10280,2780.0,245.0,517.0,458.0,185.0,422.0,248.0,96.0,0.0,609.0,0.0,4880.0,3501.0,206299.0,4880.0,4237.0,643.0,4237.0,1457.0,2780.0,8933.0,4880.0,32.0,53.0,0.0,662.0,3609.0,524.0,0.0,0.0,0.0,0.0,10280,5114.0,417.0,2,17,0.0815408682049276,0.1317622950819672,0.2985655737704918,0.017418032786885244,0.569672131147541,0.0,3520.2471989060964,3524.5469651426706
45,10282,2104.0,374.0,311.0,333.0,160.0,75.0,233.0,129.0,115.0,358.0,16.0,2841.0,3501.0,250001.0,2841.0,2353.0,488.0,2353.0,249.0,2104.0,5887.0,2841.0,0.0,223.0,1394.0,921.0,199.0,46.0,0.0,22.0,0.0,36.0,10282,2805.0,2027.0,7,11,0.722638146167558,0.171770503343893,0.08764519535374868,0.07849348820837733,0.7405843013023583,0.012671594508975714,3826.019854391746,3817.502411760661
46,10301,7900.0,355.0,781.0,780.0,613.0,720.0,768.0,653.0,612.0,2008.0,610.0,16628.0,1701.0,85609.0,16628.0,14584.0,2044.0,14584.0,6684.0,7900.0,41052.0,16628.0,114.0,539.0,1028.0,646.0,793.0,1374.0,2327.0,2126.0,1236.0,6445.0,10301,16745.0,0.0,0,6689,0.0,0.12292518643252345,0.4019725763771951,0.03927110897281694,0.47510223719028144,0.3875992302140967,1777.6070080005347,1783.2057526938038
47,10302,2722.0,85.0,75.0,251.0,72.0,172.0,11.0,315.0,396.0,1034.0,311.0,6658.0,1800.0,78263.0,6658.0,6056.0,602.0,6056.0,3334.0,2722.0,19030.0,6658.0,34.0,349.0,639.0,450.0,265.0,206.0,611.0,803.0,677.0,2624.0,10302,6550.0,0.0,0,4039,0.0,0.09041754280564734,0.5007509762691499,0.057524782216881946,0.4088314809252028,0.39411234604986484,1599.90633758348,1605.31248422397
48,10303,3053.0,168.0,261.0,186.0,270.0,249.0,251.0,117.0,193.0,1198.0,160.0,9684.0,1596.0,83947.0,9684.0,8778.0,906.0,8778.0,5725.0,3053.0,26497.0,9684.0,32.0,376.0,1250.0,1554.0,1618.0,651.0,965.0,721.0,388.0,2129.0,10303,8548.0,0.0,0,4827,0.0,0.09355638166047088,0.5911813300289137,0.042131350681536554,0.3152622883106154,0.21984717059066503,1575.6475537907688,1577.871483390655
49,10304,7988.0,291.0,905.0,566.0,865.0,721.0,471.0,534.0,829.0,2401.0,405.0,17190.0,1500.0,71561.0,17190.0,15738.0,1452.0,15738.0,7750.0,7988.0,45658.0,17190.0,87.0,1625.0,1314.0,1363.0,1655.0,1609.0,2110.0,2538.0,884.0,4005.0,10304,16536.0,0.0,0,8380,0.0,0.08446771378708552,0.4508435136707388,0.09959278650378127,0.46468877254217567,0.23298429319371727,1641.9400062338823,1646.271154337219
50,10305,5537.0,241.0,414.0,710.0,486.0,377.0,334.0,403.0,386.0,1647.0,539.0,17049.0,1667.0,83413.0,17049.0,15774.0,1275.0,15774.0,10237.0,5537.0,41270.0,17049.0,94.0,698.0,2279.0,1783.0,1719.0,2600.0,2638.0,1601.0,735.0,2902.0,10305,15760.0,0.0,0,9525,0.0,0.07478444483547422,0.600445773945686,0.04645433749780046,0.3247697812188398,0.1702152618921931,1526.8571576101078,1529.3798685043716
51,10306,6163.0,152.0,443.0,863.0,475.0,439.0,661.0,390.0,459.0,2004.0,277.0,21383.0,1842.0,96866.0,21383.0,20073.0,1310.0,20073.0,13910.0,6163.0,57428.0,21383.0,72.0,1089.0,1402.0,1611.0,2411.0,2995.0,5014.0,2956.0,912.0,2921.0,10306,21904.0,0.0,0,15139,0.0,0.0612636206332133,0.6505167656549595,0.05429546836271805,0.28821961371182714,0.13660384417527943,1817.8338173714315,1818.4303710293445
52,10307,822.0,0.0,73.0,72.0,148.0,89.0,72.0,0.0,96.0,116.0,156.0,5564.0,1821.0,147184.0,5564.0,5211.0,353.0,5211.0,4389.0,822.0,15512.0,5564.0,146.0,521.0,855.0,1319.0,789.0,201.0,106.0,81.0,266.0,1280.0,10307,5625.0,0.0,0,3857,0.0,0.06344356578001438,0.7888209920920202,0.11987778576563624,0.1477354421279655,0.23005032350826743,2154.962946622849,2156.724363382354
53,10308,2128.0,0.0,212.0,215.0,91.0,196.0,449.0,49.0,105.0,384.0,427.0,11243.0,1886.0,125850.0,11243.0,10510.0,733.0,10510.0,8382.0,2128.0,30568.0,11243.0,0.0,438.0,647.0,1342.0,1405.0,3068.0,2172.0,679.0,534.0,958.0,10308,10605.0,0.0,0,7888,0.0,0.06519612203148625,0.7455305523436805,0.03895757360135195,0.18927332562483323,0.08520857422396158,1986.1548876463442,1987.770612465896
54,10309,2892.0,102.0,170.0,287.0,196.0,162.0,423.0,149.0,135.0,1051.0,217.0,12921.0,1893.0,116098.0,12921.0,12222.0,699.0,12222.0,9330.0,2892.0,34885.0,12921.0,138.0,1112.0,1881.0,2457.0,4259.0,959.0,626.0,488.0,142.0,859.0,10309,12997.0,0.0,0,8796,0.0,0.054097980032505225,0.7220803343394474,0.09674173825555298,0.22382168562804736,0.066480922529216,2040.1571346459145,2039.0490687681195
55,10310,3615.0,307.0,155.0,473.0,253.0,297.0,165.0,141.0,314.0,1093.0,417.0,9866.0,1680.0,106250.0,9866.0,8921.0,945.0,8921.0,5306.0,3615.0,25672.0,9866.0,0.0,245.0,959.0,586.0,487.0,554.0,962.0,1213.0,612.0,4248.0,10310,8968.0,0.0,0,5536,0.0,0.0957834988850598,0.537806608554632,0.02483275897020069,0.36640989256030815,0.4305696330833164,1908.9308629032498,1913.0294212154843
56,10312,3779.0,144.0,367.0,283.0,318.0,258.0,549.0,123.0,251.0,1081.0,405.0,22697.0,1937.0,110719.0,22697.0,21549.0,1148.0,21549.0,17770.0,3779.0,63469.0,22697.0,102.0,973.0,3029.0,3487.0,4817.0,5395.0,2216.0,1094.0,444.0,1140.0,10312,23027.0,0.0,0,17844,0.0,0.050579371723135216,0.7829228532405164,0.04736308763272679,0.1664977750363484,0.05022690223377539,1849.833914450492,1847.726714366101
57,10314,8490.0,383.0,1204.0,829.0,657.0,892.0,465.0,682.0,522.0,2168.0,688.0,33738.0,1802.0,104613.0,33738.0,31361.0,2377.0,31361.0,22871.0,8490.0,93915.0,33738.0,99.0,1111.0,1561.0,2235.0,8388.0,9057.0,4340.0,3044.0,1031.0,2872.0,10314,32803.0,0.0,0,19662,0.0,0.07045468018258344,0.6779002904736499,0.03586460371094908,0.25164502934376665,0.08512656351888079,2430.3198353482017,2427.9755694510086
58,10451,19333.0,965.0,1123.0,1804.0,1207.0,1905.0,1927.0,1087.0,1665.0,6917.0,733.0,23071.0,1330.0,38770.0,23071.0,22376.0,695.0,22376.0,3043.0,19333.0,50942.0,23071.0,841.0,3729.0,3018.0,844.0,1049.0,1336.0,3711.0,2050.0,2347.0,4146.0,10451,24930.0,13839.0,224,651,0.5551143200962696,0.030124398595639548,0.13189718694464914,0.19808417493823416,0.8379784144597113,0.17970612457197346,1247.6514346487027,1245.908413373784
59,10452,27776.0,835.0,1906.0,2458.0,2559.0,2038.0,2408.0,1550.0,2636.0,10080.0,1306.0,29162.0,1419.0,41288.0,29162.0,28719.0,443.0,28719.0,943.0,27776.0,75682.0,29162.0,179.0,1837.0,2645.0,1555.0,2454.0,2375.0,2424.0,3175.0,2584.0,9934.0,10452,30966.0,23368.0,457,1030,0.7546341148356261,0.015191001988889652,0.032336602427817024,0.06913106096975516,0.9524723955832933,0.340648789520609,1547.685746712398,1540.8300925036895
60,10453,26922.0,1123.0,1707.0,1983.0,1768.0,1927.0,1720.0,1734.0,2255.0,10286.0,2419.0,28564.0,1420.0,33186.0,28564.0,28279.0,285.0,28279.0,1357.0,26922.0,76282.0,28564.0,153.0,1919.0,1869.0,1500.0,2409.0,3572.0,2625.0,2765.0,2471.0,9281.0,10453,36438.0,21040.0,485,1696,0.5774191777814369,0.009977594174485366,0.04750735191149699,0.07253886010362694,0.9425150539140177,0.32491947906455676,1365.914308989031,1363.530295714605
61,10454,14112.0,522.0,891.0,850.0,1324.0,1557.0,1305.0,935.0,806.0,5002.0,920.0,15612.0,1028.0,24086.0,15612.0,15135.0,477.0,15135.0,1023.0,14112.0,39570.0,15612.0,140.0,1918.0,1324.0,845.0,690.0,2015.0,2464.0,1419.0,1031.0,3766.0,10454,18391.0,7990.0,267,1144,0.4344516339513892,0.030553420445810914,0.06552651806302844,0.13182167563412758,0.9039200614911607,0.241224698949526,1197.608500608601,1199.6498368435766
62,10455,15075.0,842.0,1145.0,1060.0,1500.0,1033.0,1404.0,976.0,1390.0,5032.0,693.0,16946.0,1136.0,36115.0,16946.0,16587.0,359.0,16587.0,1512.0,15075.0,44801.0,16946.0,420.0,1047.0,1199.0,1622.0,1110.0,1571.0,2252.0,2072.0,1606.0,4047.0,10455,18572.0,8380.0,285,1299,0.4512168856342882,0.0211849403989142,0.08922459577481412,0.08656910185294464,0.8895904638262717,0.23881742004012746,1078.1454937348346,1079.5269128803825
63,10456,30406.0,1410.0,2054.0,2446.0,2679.0,3091.0,2640.0,1687.0,1943.0,11195.0,1261.0,33538.0,1174.0,34954.0,33538.0,32645.0,893.0,32645.0,2239.0,30406.0,87533.0,33538.0,88.0,3657.0,4783.0,1704.0,1376.0,2932.0,4180.0,2932.0,3634.0,8252.0,10456,35572.0,18633.0,584,2238,0.5238108624761048,0.02662651320889737,0.06676009302880315,0.11166438070248673,0.9066133937622994,0.24604925755859025,1336.8760716800257,1334.035103318728
64,10457,26242.0,1203.0,1818.0,1924.0,2808.0,2639.0,1744.0,1634.0,2491.0,8573.0,1408.0,28479.0,1382.0,42683.0,28479.0,27686.0,793.0,27686.0,1444.0,26242.0,79543.0,28479.0,233.0,3426.0,2356.0,2292.0,1432.0,2665.0,2507.0,2050.0,2354.0,9164.0,10457,34100.0,19853.0,562,2192,0.582199413489736,0.027845078830015097,0.0507040275290565,0.12848063485375188,0.9214508936409284,0.3217809614101619,1358.2002031114264,1355.244526288674
65,10458,27899.0,831.0,1855.0,2254.0,2154.0,2833.0,3002.0,1340.0,2233.0,10274.0,1123.0,30732.0,1558.0,40800.0,30732.0,29112.0,1620.0,29112.0,1213.0,27899.0,74898.0,30732.0,396.0,1613.0,955.0,763.0,788.0,1630.0,1729.0,1942.0,2171.0,18745.0,10458,31990.0,24653.0,801,2242,0.7706470772116286,0.052713783678250685,0.03947025901340622,0.06537159963555902,0.9078159573083431,0.6099505401535859,1411.011272833824,1404.5491314764758
66,10459,16123.0,752.0,1085.0,1205.0,1364.0,1208.0,1169.0,971.0,1172.0,6292.0,905.0,18835.0,1325.0,38006.0,18835.0,17982.0,853.0,17982.0,1859.0,16123.0,48270.0,18835.0,457.0,2491.0,3476.0,2230.0,1978.0,1421.0,1150.0,1268.0,1068.0,3296.0,10459,21014.0,10581.0,373,2118,0.5035214618825545,0.04528802760817627,0.09869923015662331,0.15651712237855056,0.8560127422352004,0.17499336341916644,1229.390723066855,1227.5854906921365
67,10460,20818.0,556.0,1500.0,1663.0,2259.0,1709.0,1556.0,942.0,1686.0,7852.0,1095.0,24516.0,1323.0,36309.0,24516.0,22972.0,1544.0,22972.0,2154.0,20818.0,59396.0,24516.0,368.0,3222.0,1982.0,2166.0,1644.0,2483.0,1674.0,1398.0,1088.0,8491.0,10460,25686.0,13741.0,387,2336,0.5349606789690882,0.06297927883830967,0.08786098874204601,0.14643498123674334,0.8491597324196443,0.34634524392233645,1383.0981465480368,1381.4673201527542
68,10461,13645.0,397.0,1029.0,1185.0,1601.0,1126.0,1261.0,738.0,1282.0,4430.0,596.0,20669.0,1813.0,67028.0,20669.0,19420.0,1249.0,19420.0,5775.0,13645.0,52012.0,20669.0,173.0,872.0,996.0,415.0,549.0,1770.0,2894.0,2998.0,2169.0,7833.0,10461,20961.0,7455.0,263,6559,0.3556605123801345,0.06042866128017804,0.27940393826503457,0.05055880787653007,0.6601674004547874,0.37897334171948327,1638.5040270872914,1638.1388354303974
69,10462,22738.0,464.0,1351.0,2771.0,2182.0,2144.0,1503.0,1618.0,2075.0,7650.0,980.0,32013.0,1746.0,60966.0,32013.0,29723.0,2290.0,29723.0,6985.0,22738.0,76320.0,32013.0,114.0,935.0,780.0,398.0,514.0,1857.0,2256.0,4157.0,7202.0,13800.0,10462,32591.0,23.0,1,4020,0.0007057163020465,0.0715334395401868,0.21819260925249118,0.03276793802517727,0.7102739512073221,0.43107487583169335,1670.7246296311287,1681.246718634434
70,10463,18964.0,596.0,1610.0,2337.0,2117.0,1449.0,1191.0,1114.0,2073.0,5586.0,891.0,30920.0,1672.0,74974.0,30920.0,29349.0,1571.0,29349.0,10385.0,18964.0,69470.0,30920.0,116.0,626.0,1043.0,889.0,764.0,2633.0,6009.0,7153.0,2771.0,8916.0,10463,32710.0,15396.0,225,2015,0.4706817487007032,0.05080853816300129,0.33586675291073737,0.023997412677878395,0.6133247089262613,0.28835705045278137,1759.5608270793637,1755.777553942937
71,10464,500.0,0.0,24.0,0.0,92.0,68.0,24.0,0.0,78.0,140.0,74.0,2191.0,1826.0,103125.0,2191.0,1949.0,242.0,1949.0,1449.0,500.0,3828.0,2191.0,0.0,42.0,141.0,46.0,226.0,63.0,77.0,24.0,98.0,1474.0,10464,2164.0,111.0,6,1221,0.0512939001848428,0.1104518484710178,0.6613418530351438,0.019169329073482427,0.22820629849383842,0.6727521679598357,1953.9859305601976,1955.9234631330746
72,10465,7102.0,465.0,903.0,435.0,552.0,667.0,532.0,685.0,236.0,2294.0,333.0,17385.0,1904.0,87985.0,17385.0,16372.0,1013.0,16372.0,9270.0,7102.0,45404.0,17385.0,32.0,468.0,947.0,1123.0,761.0,1416.0,2865.0,4407.0,1290.0,4076.0,10465,16113.0,681.0,16,7513,0.0422640104263638,0.05826862237561116,0.5332182916307161,0.028760425654299683,0.4085130859936727,0.23445498993385103,1668.7899953444005,1671.240941429744
73,10466,14987.0,694.0,900.0,897.0,1936.0,1692.0,877.0,1280.0,1414.0,4791.0,506.0,26146.0,1549.0,65969.0,26146.0,24930.0,1216.0,24930.0,9943.0,14987.0,71116.0,26146.0,51.0,590.0,994.0,747.0,664.0,1636.0,4164.0,4945.0,2979.0,9376.0,10466,24594.0,5398.0,250,8421,0.2194844270960396,0.04650807006807925,0.3802876156964736,0.02451617838292664,0.5732043142354472,0.3586016981565058,1521.3441949584544,1521.5490009359378
74,10467,32910.0,1069.0,1601.0,3759.0,3082.0,3477.0,2530.0,1853.0,2586.0,10930.0,2023.0,40791.0,1522.0,49330.0,40791.0,38372.0,2419.0,38372.0,5462.0,32910.0,96421.0,40791.0,186.0,1966.0,1770.0,961.0,1253.0,2622.0,4905.0,5645.0,4631.0,16852.0,10467,50393.0,25774.0,667,4078,0.5114599249895819,0.05930229707533525,0.13390208624451472,0.052756735554411516,0.80679561668015,0.41313034738054966,1588.85975502721,1585.5486477859815
75,10468,26029.0,404.0,1714.0,2434.0,1962.0,1902.0,2353.0,1583.0,2731.0,9659.0,1287.0,29614.0,1604.0,46233.0,29614.0,28453.0,1161.0,28453.0,2424.0,26029.0,75557.0,29614.0,230.0,1989.0,341.0,557.0,1204.0,2081.0,2582.0,2408.0,1519.0,16703.0,10468,28973.0,22343.0,559,1284,0.7711662582404307,0.03920443033700277,0.08185317755115823,0.07493077598433173,0.878942392111839,0.5640237725400149,1695.8420018396052,1689.4290168666528
76,10469,11632.0,553.0,700.0,1148.0,1033.0,883.0,924.0,626.0,1122.0,3706.0,937.0,25373.0,1680.0,76020.0,25373.0,23582.0,1791.0,23582.0,11950.0,11632.0,68521.0,25373.0,22.0,499.0,1339.0,506.0,1138.0,1591.0,3104.0,6179.0,3887.0,7108.0,10469,22966.0,2543.0,144,10620,0.110728903596621,0.07058684428329326,0.4709730816221968,0.020533638119260633,0.45844007409450993,0.2801403066251527,1723.012804271174,1723.070220002231
77,10470,3790.0,134.0,245.0,438.0,753.0,328.0,339.0,258.0,294.0,805.0,196.0,7050.0,1669.0,90046.0,7050.0,6698.0,352.0,6698.0,2908.0,3790.0,16004.0,7050.0,27.0,249.0,45.0,106.0,191.0,363.0,920.0,1156.0,850.0,3143.0,10470,7430.0,2861.0,95,2064,0.3850605652759085,0.0499290780141844,0.4124822695035461,0.03914893617021276,0.5375886524822695,0.44581560283687943,1854.0436481881543,1851.8860530679408
78,10471,3785.0,229.0,541.0,270.0,526.0,344.0,581.0,117.0,336.0,553.0,288.0,9682.0,1699.0,103046.0,9682.0,9331.0,351.0,9331.0,5546.0,3785.0,23798.0,9682.0,0.0,298.0,218.0,194.0,227.0,609.0,3040.0,1719.0,835.0,2542.0,10471,10532.0,3482.0,33,1905,0.3306114698063045,0.036252840322247466,0.5728155339805825,0.030778764718033463,0.39093162569717,0.2625490601115472,1862.1414278801471,1858.4632457469625
79,10472,18578.0,858.0,1036.0,1370.0,966.0,1567.0,1404.0,1513.0,1460.0,6718.0,1686.0,24627.0,1463.0,41039.0,24627.0,22224.0,2403.0,22224.0,3646.0,18578.0,64011.0,24627.0,317.0,327.0,293.0,543.0,354.0,923.0,3315.0,5493.0,2215.0,10847.0,10472,23541.0,8366.0,217,3980,0.3553799753621341,0.09757583140455597,0.1480488894303001,0.026150160393064524,0.7543752791651439,0.4404515369310107,1308.211444101356,1308.5620653102403
80,10473,16300.0,1099.0,1775.0,1256.0,1317.0,1719.0,2040.0,807.0,1585.0,3913.0,789.0,23492.0,1183.0,52462.0,23492.0,22839.0,653.0,22839.0,6539.0,16300.0,58855.0,23492.0,32.0,794.0,1461.0,923.0,2058.0,3593.0,6189.0,2386.0,2131.0,3925.0,10473,22979.0,0.0,0,4342,0.0,0.027796696747829048,0.2783500766218287,0.035160905840286055,0.6938532266303422,0.1670781542652818,1361.1588149313454,1369.176378424837
81,10474,3501.0,160.0,296.0,453.0,281.0,220.0,198.0,230.0,207.0,1402.0,54.0,4082.0,1387.0,41586.0,4082.0,3899.0,183.0,3899.0,398.0,3501.0,11270.0,4082.0,72.0,117.0,306.0,210.0,295.0,188.0,480.0,540.0,936.0,938.0,10474,4915.0,2622.0,79,485,0.533468972533062,0.04483096521313082,0.09750122488975992,0.04630083292503675,0.8576678098971092,0.22978931896129348,1343.7196040380568,1342.2694488067045
82,10475,10823.0,491.0,807.0,1631.0,1296.0,1219.0,1532.0,451.0,1161.0,1907.0,328.0,19627.0,1253.0,62712.0,19627.0,18821.0,806.0,18821.0,7998.0,10823.0,42578.0,19627.0,65.0,260.0,220.0,948.0,419.0,4801.0,7437.0,2381.0,1692.0,1404.0,10475,17527.0,560.0,36,477,0.0319507046271466,0.041065878636572066,0.4074998726244459,0.016558822030875834,0.5514342487389821,0.07153411117338361,1304.2004131296371,1312.8855299078825
83,11101,17939.0,650.0,2391.0,2312.0,2725.0,2028.0,1539.0,1260.0,855.0,3440.0,739.0,28026.0,2908.0,121062.0,28026.0,21165.0,6861.0,21165.0,3226.0,17939.0,42219.0,28026.0,1859.0,13851.0,2032.0,272.0,149.0,319.0,539.0,1138.0,2671.0,5196.0,11101,41416.0,20510.0,339,1469,0.4952192389414719,0.24480839220723613,0.11510740027117676,0.5605509170056376,0.6400842075215871,0.1853992721044744,3097.619428194726,3093.7726259482665
84,11102,12063.0,611.0,896.0,1737.0,2033.0,1443.0,1299.0,751.0,515.0,2407.0,371.0,19592.0,2209.0,96617.0,19592.0,13937.0,5655.0,13937.0,1874.0,12063.0,28503.0,19592.0,233.0,2164.0,1836.0,903.0,836.0,1097.0,1552.0,1944.0,1693.0,7334.0,11102,20061.0,5378.0,300,2657,0.26808234883605,0.28863821968150266,0.09565128623928133,0.12234585545120458,0.615710494079216,0.3743364638628011,2364.123080655958,2361.124930297801
85,11103,13998.0,568.0,1226.0,1836.0,2174.0,1643.0,1106.0,959.0,1207.0,2848.0,431.0,18999.0,2167.0,93324.0,18999.0,16701.0,2298.0,16701.0,2703.0,13998.0,35163.0,18999.0,142.0,886.0,743.0,381.0,514.0,1197.0,1120.0,2361.0,2541.0,9114.0,11103,17524.0,4.0,1,4090,0.0002282583884957,0.12095373440707406,0.14227064582346438,0.05410811095320806,0.7367756197694616,0.479709458392547,2153.439051579058,2162.1902182666026
86,11104,9791.0,375.0,1191.0,1023.0,1033.0,990.0,1021.0,1056.0,1062.0,1859.0,181.0,13174.0,1969.0,80709.0,13174.0,12304.0,870.0,12304.0,2513.0,9791.0,26132.0,13174.0,14.0,275.0,60.0,334.0,350.0,578.0,991.0,1789.0,2407.0,6376.0,11104,13538.0,0.0,0,1641,0.0,0.06603916805829664,0.19075451647183847,0.021937148929710035,0.7432063154698649,0.48398360406862,1934.4278955401899,1944.19869922263
87,11105,12076.0,572.0,1006.0,1862.0,1795.0,1426.0,1050.0,776.0,869.0,2291.0,429.0,17786.0,2245.0,102012.0,17786.0,16200.0,1586.0,16200.0,4124.0,12076.0,37936.0,17786.0,59.0,448.0,381.0,188.0,409.0,1021.0,1623.0,2926.0,2992.0,7739.0,11105,16924.0,0.0,0,5103,0.0,0.08917125829303947,0.2318677611604633,0.028505566175643766,0.6789609805464972,0.43511750815247946,2180.214154338035,2187.7471852995864
88,11106,16088.0,579.0,1634.0,2186.0,1886.0,2085.0,1212.0,1184.0,1071.0,3679.0,572.0,22097.0,2076.0,84867.0,22097.0,19286.0,2811.0,19286.0,3198.0,16088.0,40930.0,22097.0,241.0,1964.0,824.0,596.0,423.0,1489.0,1976.0,3359.0,2464.0,8761.0,11106,21204.0,0.0,0,2694,0.0,0.12721183871113725,0.14472552835226501,0.09978730144363489,0.7280626329365977,0.3964791600669774,2098.4992411486246,2107.4112013757854
89,11201,21810.0,1741.0,2448.0,3249.0,3070.0,2051.0,2082.0,925.0,1293.0,4080.0,871.0,37323.0,3358.0,173136.0,37323.0,34022.0,3301.0,34022.0,12212.0,21810.0,70674.0,37323.0,871.0,7766.0,4471.0,767.0,549.0,974.0,1646.0,3966.0,1314.0,14999.0,11201,46343.0,18835.0,392,2769,0.4064259974537686,0.08844412292688154,0.32719770650805136,0.2314122658950245,0.5843581705650671,0.40187016049085017,3171.880278548544,3166.7836014440177
90,11203,17665.0,669.0,1288.0,1816.0,1467.0,1591.0,1388.0,1289.0,1310.0,5458.0,1389.0,33804.0,1581.0,67897.0,33804.0,29238.0,4566.0,29238.0,11573.0,17665.0,74817.0,33804.0,83.0,2060.0,1051.0,719.0,346.0,939.0,2431.0,4433.0,4746.0,16996.0,11203,28771.0,5998.0,266,10253,0.2084738104341177,0.13507277245296415,0.34235593420896937,0.06339486451307537,0.5225712933380665,0.5027807360075731,1826.0515743404787,1822.4917026147348
91,11204,16297.0,553.0,935.0,1773.0,1892.0,1235.0,1080.0,1272.0,1551.0,4963.0,1043.0,27285.0,1738.0,69479.0,27285.0,24896.0,2389.0,24896.0,8599.0,16297.0,79800.0,27285.0,190.0,562.0,941.0,665.0,859.0,686.0,1516.0,1673.0,1792.0,18401.0,11204,27923.0,1348.0,65,9464,0.048275615084339,0.08755726589701301,0.3151548469855232,0.027560930914421845,0.5972878871174638,0.6743998533993036,1711.159858207473,1715.0582200953681
92,11205,12908.0,982.0,1162.0,1411.0,1589.0,1581.0,865.0,792.0,599.0,3544.0,383.0,19740.0,2269.0,93887.0,19740.0,17962.0,1778.0,17962.0,5054.0,12908.0,51676.0,19740.0,175.0,2170.0,1984.0,291.0,679.0,485.0,1771.0,2075.0,2943.0,7167.0,11205,20584.0,17.0,2,2496,0.0008258841818888,0.09007092198581561,0.2560283687943262,0.11879432624113476,0.6539007092198581,0.36306990881458967,2090.497274247658,2096.3153678312306
93,11206,30955.0,1738.0,1940.0,3026.0,3792.0,3968.0,3719.0,2259.0,2032.0,7470.0,1011.0,35906.0,1625.0,61430.0,35906.0,34813.0,1093.0,34813.0,3858.0,30955.0,93020.0,35906.0,494.0,4897.0,4890.0,1573.0,1313.0,2109.0,4697.0,3128.0,2813.0,9992.0,11206,38796.0,88.0,2,3620,0.0022682750799051,0.03044059488664847,0.10744722330529717,0.15014203754247202,0.8621121818080544,0.27828218125104437,1657.848201231612,1666.8119836717892
94,11207,26405.0,1321.0,1876.0,2249.0,2854.0,2371.0,2398.0,1708.0,1939.0,7510.0,2179.0,38824.0,1482.0,56523.0,38824.0,35658.0,3166.0,35658.0,9253.0,26405.0,93198.0,38824.0,345.0,2903.0,3243.0,3524.0,1859.0,2257.0,3981.0,3802.0,2864.0,14046.0,11207,38628.0,0.0,0,9730,0.0,0.08154749639398311,0.23833195961261075,0.0836595920049454,0.6801205439934062,0.36178652379971155,1363.1398490387382,1367.6089949273226
95,11208,25836.0,2216.0,1779.0,2442.0,2475.0,2188.0,1630.0,1774.0,1979.0,7574.0,1779.0,36994.0,1651.0,62077.0,36994.0,34395.0,2599.0,34395.0,8559.0,25836.0,105428.0,36994.0,102.0,1750.0,2348.0,1868.0,2083.0,2252.0,3064.0,3761.0,2907.0,16859.0,11208,31727.0,0.0,0,10007,0.0,0.07025463588690058,0.2313618424609396,0.0500621722441477,0.6983835216521598,0.45572254960263825,1442.472325611576,1444.541226490433
96,11209,19413.0,980.0,1915.0,2764.0,2155.0,2021.0,1557.0,866.0,1078.0,5101.0,976.0,33090.0,1864.0,93854.0,33090.0,30410.0,2680.0,30410.0,10997.0,19413.0,71004.0,33090.0,17.0,330.0,785.0,495.0,844.0,1085.0,3177.0,4098.0,2741.0,19518.0,11209,32765.0,0.0,0,8091,0.0,0.08099123602296766,0.3323360531882744,0.010486551828346933,0.5866727107887579,0.5898458748866727,2018.8142922898876,2022.838465209617
97,11210,11562.0,341.0,1026.0,1256.0,1127.0,1271.0,830.0,696.0,978.0,3513.0,524.0,23115.0,1786.0,83692.0,23115.0,20723.0,2392.0,20723.0,9161.0,11562.0,57915.0,23115.0,356.0,631.0,632.0,288.0,422.0,928.0,2117.0,3636.0,2922.0,11183.0,11210,24918.0,1161.0,18,8121,0.0465928244642427,0.10348258706467661,0.3963227341553104,0.042699545749513304,0.500194678780013,0.48379839930780877,1866.4886110923742,1869.8625492237293
98,11211,23292.0,1653.0,2491.0,3115.0,3144.0,2719.0,1394.0,912.0,1240.0,5879.0,745.0,29447.0,2471.0,107506.0,29447.0,28139.0,1308.0,28139.0,4847.0,23292.0,65314.0,29447.0,373.0,5971.0,3439.0,1076.0,1019.0,921.0,1303.0,2089.0,1405.0,11851.0,11211,33083.0,0.0,0,4772,0.0,0.04441878629401976,0.16460080823173837,0.21543790538934357,0.7909804054742419,0.4024518626685231,2367.099599795519,2374.478077041271
99,11212,28705.0,1479.0,2283.0,2511.0,2897.0,2432.0,2042.0,2020.0,2314.0,9035.0,1692.0,34932.0,1294.0,41355.0,34932.0,33052.0,1880.0,33052.0,4347.0,28705.0,89020.0,34932.0,607.0,1871.0,1578.0,1192.0,2912.0,3644.0,3788.0,5430.0,3722.0,10188.0,11212,36357.0,76.0,3,5628,0.0020903814946227,0.053818848047635405,0.12444177258673995,0.07093782205427689,0.8217393793656247,0.2916523531432497,1467.2804853695811,1475.6155148361358
100,11213,22771.0,936.0,1900.0,2877.0,2582.0,1767.0,2007.0,1380.0,2034.0,6603.0,685.0,29389.0,1670.0,65127.0,29389.0,27360.0,2029.0,27360.0,4589.0,22771.0,68846.0,29389.0,271.0,1643.0,975.0,411.0,1007.0,1393.0,844.0,1859.0,2219.0,18767.0,11213,27528.0,272.0,7,4602,0.009880848590526,0.06903943652386947,0.1561468576678349,0.0651264078396679,0.7748137058082957,0.6385722549253122,1800.0872370959505,1808.9112084577148
101,11214,20173.0,896.0,1453.0,2005.0,2239.0,1941.0,1857.0,1015.0,1657.0,6028.0,1082.0,33043.0,1771.0,65895.0,33043.0,30852.0,2191.0,30852.0,10679.0,20173.0,89397.0,33043.0,42.0,1076.0,1710.0,787.0,1135.0,1795.0,4490.0,3302.0,3429.0,15277.0,11214,34069.0,8496.0,331,8849,0.2493762658134961,0.06630753866174378,0.32318494083467,0.03383470023908241,0.6105075205035863,0.46233695487697846,1687.113017348182,1684.3927369565404
102,11215,17187.0,1082.0,2388.0,2720.0,2524.0,2135.0,1338.0,761.0,1204.0,2372.0,663.0,32323.0,2831.0,185865.0,32323.0,29788.0,2535.0,29788.0,12601.0,17187.0,70441.0,32323.0,129.0,1678.0,1561.0,534.0,763.0,575.0,1025.0,1036.0,1738.0,23284.0,11215,36088.0,8468.0,743,8318,0.2346486366659277,0.07842712619496953,0.38984623951984654,0.05590446431333725,0.531726634285184,0.7203539275438542,3115.4401602057546,3113.355791506755
103,11216,21352.0,976.0,1987.0,2393.0,3500.0,2925.0,1554.0,1168.0,1657.0,4473.0,719.0,28995.0,2271.0,101277.0,28995.0,27134.0,1861.0,27134.0,5782.0,21352.0,60685.0,28995.0,322.0,2289.0,1485.0,770.0,860.0,1191.0,1326.0,1141.0,1239.0,18372.0,11216,27878.0,9998.0,788,5607,0.3586340483535404,0.06418347991032937,0.1994136920158648,0.09005000862217624,0.7364028280738059,0.6336264873254009,2174.8116880418047,2173.6171882772655
104,11217,14671.0,921.0,1851.0,2270.0,1922.0,1516.0,1432.0,711.0,1009.0,2688.0,351.0,21979.0,2888.0,162863.0,21979.0,20307.0,1672.0,20307.0,5636.0,14671.0,43490.0,21979.0,627.0,4087.0,1428.0,479.0,563.0,663.0,814.0,674.0,1161.0,11483.0,11217,29584.0,8874.0,330,3543,0.299959437533802,0.0760726147686428,0.2564265890167888,0.21447745575321897,0.6675007962145685,0.522453250830338,2955.914733996042,2956.7715672940976
105,11218,15656.0,863.0,1526.0,1948.0,1684.0,1356.0,1220.0,748.0,1331.0,4459.0,521.0,27297.0,1981.0,97366.0,27297.0,25661.0,1636.0,25661.0,10005.0,15656.0,72042.0,27297.0,51.0,1033.0,970.0,602.0,1062.0,927.0,3858.0,2443.0,2903.0,13448.0,11218,28019.0,11314.0,283,6292,0.4037974231771298,0.05993332600652086,0.3665237938234971,0.03971132358867275,0.573542880169982,0.4926548704985896,2056.423663933025,2049.554913838472
106,11219,18374.0,934.0,1003.0,1396.0,1641.0,1893.0,1005.0,1265.0,1465.0,6849.0,923.0,28459.0,1724.0,58347.0,28459.0,24507.0,3952.0,24507.0,6133.0,18374.0,94196.0,28459.0,84.0,849.0,1575.0,1322.0,1125.0,1506.0,1668.0,1506.0,1593.0,17231.0,11219,28561.0,7641.0,409,7747,0.2675326494170372,0.13886643943919322,0.21550300432200709,0.03278400505991075,0.6456305562387997,0.6054675146702273,1593.907858705811,1591.0154624632978
107,11220,20836.0,714.0,1554.0,2267.0,2315.0,1957.0,1791.0,1087.0,1689.0,6563.0,899.0,31225.0,1768.0,69883.0,31225.0,28420.0,2805.0,28420.0,7584.0,20836.0,90652.0,31225.0,19.0,460.0,755.0,615.0,861.0,1492.0,1281.0,1632.0,2189.0,21921.0,11220,29366.0,7820.0,773,8220,0.2662943540148471,0.08983186549239391,0.24288230584467574,0.015340272217774219,0.6672858286629303,0.7020336269015213,1797.1412606161311,1796.0541575377438
108,11221,28796.0,1136.0,2172.0,3318.0,3156.0,3655.0,2472.0,1618.0,2093.0,8053.0,1123.0,39425.0,2139.0,85736.0,39425.0,36532.0,2893.0,36532.0,7736.0,28796.0,91588.0,39425.0,477.0,4940.0,3014.0,1958.0,1644.0,2350.0,1330.0,1747.0,1767.0,20198.0,11221,37585.0,11014.0,923,8467,0.2930424371424771,0.07337983512999366,0.19622067216233355,0.1374001268230818,0.7303994927076728,0.5123145212428662,2070.3683078160075,2069.6287466752365
109,11222,17452.0,585.0,1588.0,2892.0,2980.0,1871.0,1350.0,1186.0,1369.0,3139.0,492.0,22902.0,2659.0,125734.0,22902.0,21316.0,1586.0,21316.0,3864.0,17452.0,42853.0,22902.0,932.0,2985.0,1384.0,380.0,355.0,689.0,803.0,1583.0,1008.0,12783.0,11222,28000.0,12763.0,944,4348,0.4558214285714285,0.06925159374727098,0.1687188891799843,0.17103309754606585,0.7620295170727447,0.558160859313597,2458.628830678724,2458.5677758631805
110,11223,16930.0,598.0,1357.0,1427.0,1668.0,1422.0,1186.0,916.0,1508.0,6011.0,837.0,28803.0,1647.0,63368.0,28803.0,26478.0,2325.0,26478.0,9548.0,16930.0,78093.0,28803.0,148.0,511.0,938.0,272.0,619.0,866.0,3215.0,5548.0,2833.0,13853.0,11223,29175.0,7499.0,201,9489,0.2570351328191945,0.0807207582543485,0.33149324723119117,0.022879561156823942,0.5877859945144603,0.4809568447731139,1718.6646414959941,1715.8670031221857
111,11224,14886.0,941.0,1151.0,1144.0,889.0,1877.0,2145.0,848.0,732.0,4426.0,733.0,21819.0,1010.0,43648.0,21819.0,20478.0,1341.0,20478.0,5592.0,14886.0,50822.0,21819.0,297.0,1281.0,350.0,856.0,1171.0,4052.0,8573.0,2192.0,495.0,2552.0,11224,23950.0,5032.0,68,2243,0.2101043841336116,0.0614601952426784,0.25629038911040836,0.07232228791420321,0.6822494156469132,0.11696228058114487,1288.77584164797,1290.7974513192546
112,11225,20085.0,1343.0,2104.0,2573.0,2435.0,2301.0,1211.0,810.0,1572.0,5410.0,326.0,26883.0,1730.0,88568.0,26883.0,25014.0,1869.0,25014.0,4929.0,20085.0,58158.0,26883.0,412.0,1679.0,618.0,487.0,425.0,874.0,2383.0,1534.0,2678.0,15793.0,11225,27361.0,17576.0,478,3681,0.6423741822301816,0.06952349068184355,0.18335007253654725,0.0777814976007142,0.7471264367816092,0.5874716363501097,1874.0413546531772,1864.8659659681869
113,11226,32796.0,1152.0,3530.0,4457.0,3278.0,3705.0,2727.0,1845.0,2773.0,8485.0,844.0,43525.0,1790.0,81014.0,43525.0,38130.0,5395.0,38130.0,5334.0,32796.0,95144.0,43525.0,990.0,2313.0,617.0,489.0,1036.0,1022.0,3711.0,3966.0,3114.0,26267.0,11226,46270.0,30985.0,873,4852,0.6696563648152151,0.12395175186674325,0.12255025847214245,0.07588742102240092,0.7534979896611143,0.6034922458357266,1931.2945615291762,1922.5545871122492
114,11228,6633.0,303.0,454.0,827.0,637.0,526.0,314.0,424.0,637.0,2061.0,450.0,16350.0,1861.0,83665.0,16350.0,15007.0,1343.0,15007.0,8374.0,6633.0,42241.0,16350.0,0.0,128.0,414.0,300.0,472.0,640.0,543.0,1665.0,1545.0,10643.0,11228,15894.0,883.0,57,7688,0.0555555555555555,0.08214067278287462,0.51217125382263,0.007828746177370031,0.4056880733944954,0.6509480122324159,1837.316840621155,1838.279794178499
115,11229,16211.0,1206.0,1226.0,1647.0,1602.0,1505.0,1121.0,895.0,1302.0,4771.0,936.0,33284.0,1651.0,70603.0,33284.0,30523.0,2761.0,30523.0,14312.0,16211.0,78377.0,33284.0,222.0,806.0,889.0,505.0,349.0,1151.0,3111.0,8396.0,5391.0,12464.0,11229,31962.0,8012.0,175,11060,0.2506726738001377,0.08295277009974762,0.4299963946641029,0.03088571085206105,0.4870508352361495,0.3744742218483355,1624.8356557970733,1618.8935406260373
116,11230,22864.0,904.0,1389.0,2359.0,2192.0,2340.0,1829.0,1428.0,2110.0,6887.0,1426.0,34455.0,1762.0,70027.0,34455.0,31947.0,2508.0,31947.0,9083.0,22864.0,86978.0,34455.0,153.0,1102.0,693.0,810.0,794.0,1721.0,3736.0,3929.0,4609.0,16908.0,11230,32616.0,16048.0,338,7358,0.4920284522933529,0.07279059643012625,0.2636192134668408,0.03642432157887099,0.663590190103033,0.490727035263387,1751.5567003468009,1743.9969931416306
117,11231,11665.0,797.0,1384.0,1925.0,1872.0,1392.0,670.0,653.0,768.0,1542.0,662.0,18294.0,2431.0,139930.0,18294.0,16783.0,1511.0,16783.0,5118.0,11665.0,38276.0,18294.0,84.0,1783.0,647.0,627.0,681.0,474.0,313.0,662.0,1448.0,11575.0,11231,20661.0,2786.0,216,3892,0.1348434248100285,0.08259538646550782,0.27976385700229583,0.10205531868372143,0.6376407565321963,0.6327211107466929,2664.2860872664232,2667.42564147364
118,11232,6825.0,441.0,778.0,687.0,742.0,752.0,618.0,359.0,458.0,1713.0,277.0,10020.0,2064.0,90891.0,10020.0,9309.0,711.0,9309.0,2484.0,6825.0,27816.0,10020.0,8.0,649.0,603.0,78.0,400.0,324.0,351.0,841.0,983.0,5783.0,11232,9882.0,3346.0,263,2182,0.33859542602712,0.07095808383233533,0.24790419161676647,0.0655688622754491,0.6811377245508982,0.5771457085828343,2100.871408671761,2099.6595911768154
119,11233,25133.0,2075.0,1450.0,2278.0,2470.0,2661.0,1944.0,1618.0,2155.0,6960.0,1522.0,34612.0,1606.0,62411.0,34612.0,32948.0,1664.0,32948.0,7815.0,25133.0,81822.0,34612.0,290.0,2722.0,3536.0,1739.0,1412.0,1276.0,2181.0,1687.0,2258.0,17511.0,11233,31018.0,8530.0,609,7216,0.2750016119672448,0.04807581185715937,0.2257887437882815,0.08702184213567549,0.7261354443545591,0.5059228013405755,1403.4698659603193,1400.2748207247143
120,11234,9438.0,445.0,783.0,899.0,782.0,966.0,920.0,358.0,826.0,2384.0,1075.0,34719.0,1848.0,97479.0,34719.0,29799.0,4920.0,29799.0,20361.0,9438.0,83187.0,34719.0,97.0,210.0,1116.0,465.0,1124.0,2215.0,6806.0,6370.0,4819.0,11497.0,11234,31278.0,1669.0,28,18414,0.0533601892704137,0.14170915060917652,0.5864512226734641,0.008842420576629512,0.2718396267173594,0.331144330193842,2023.1994872819,2018.2258862301321
121,11235,22727.0,878.0,1305.0,1727.0,1474.0,2189.0,2100.0,1454.0,2245.0,7823.0,1532.0,36946.0,1691.0,59661.0,36946.0,34870.0,2076.0,34870.0,12143.0,22727.0,78558.0,36946.0,163.0,1030.0,2063.0,680.0,1011.0,1981.0,6417.0,10817.0,3772.0,9012.0,11235,36920.0,13075.0,195,7120,0.3541440953412784,0.0561901153034158,0.3286688680777351,0.03229036972879337,0.6151410166188491,0.24392356412060845,1763.5746407134338,1758.2166575043361
122,11236,15014.0,857.0,1227.0,1493.0,1393.0,1663.0,893.0,797.0,1550.0,4225.0,916.0,37238.0,1660.0,81464.0,37238.0,31033.0,6205.0,31033.0,16019.0,15014.0,88051.0,37238.0,55.0,269.0,940.0,763.0,972.0,2374.0,11260.0,7521.0,2562.0,10522.0,11236,31104.0,955.0,45,13664,0.0307034465020576,0.16663086094849347,0.4301788495622751,0.00870078951608572,0.4031902894892314,0.28256082496374674,1864.7511500603373,1862.2236395305463
123,11237,16011.0,481.0,1118.0,1508.0,1986.0,1650.0,1518.0,924.0,1877.0,4577.0,372.0,19195.0,2219.0,85196.0,19195.0,18228.0,967.0,18228.0,2217.0,16011.0,45334.0,19195.0,444.0,1729.0,1077.0,595.0,588.0,1096.0,828.0,1281.0,1208.0,10349.0,11237,18416.0,7918.0,1129,3667,0.4299522154648132,0.05037770252669966,0.11549882781974473,0.11320656420942954,0.8341234696535557,0.5391508205261787,2020.641343480661,2021.080033320791
124,11238,20189.0,837.0,2567.0,3476.0,2839.0,2252.0,1715.0,996.0,1102.0,3722.0,683.0,30335.0,2616.0,134523.0,30335.0,27919.0,2416.0,27919.0,7730.0,20189.0,58345.0,30335.0,587.0,4645.0,2008.0,477.0,974.0,1273.0,1499.0,1099.0,2583.0,15190.0,11238,32884.0,12723.0,562,4283,0.3869054859506143,0.07964397560573595,0.2548211636723257,0.17247403988791823,0.6655348607219383,0.5007417174880501,2743.000963062124,2740.777680514194
125,11239,7487.0,736.0,386.0,735.0,546.0,933.0,1110.0,528.0,616.0,1671.0,226.0,9437.0,1021.0,38015.0,9437.0,8244.0,1193.0,8244.0,757.0,7487.0,16410.0,9437.0,619.0,1633.0,451.0,467.0,327.0,4071.0,1263.0,347.0,154.0,105.0,11239,14457.0,592.0,31,575,0.0409490212353877,0.12641729363145068,0.0802161703931334,0.23863515947864788,0.793366535975416,0.01112641729363145,1218.791847254849,1228.8804624257698
126,11249,15001.0,755.0,2078.0,2333.0,2479.0,1475.0,984.0,819.0,1039.0,2717.0,322.0,19310.0,3036.0,123047.0,19310.0,17982.0,1328.0,17982.0,2981.0,15001.0,47728.0,19310.0,219.0,6406.0,3400.0,807.0,932.0,932.0,1883.0,563.0,438.0,3730.0,11249,18846.0,6017.0,132,1156,0.3192719940570943,0.06877265665458311,0.15437597099948214,0.3430864836872087,0.7768513723459347,0.1931641636457794,2803.9168458630093,2803.776630193488
127,11354,12584.0,308.0,997.0,953.0,1135.0,755.0,1003.0,1193.0,1139.0,4119.0,982.0,23441.0,1777.0,66010.0,23441.0,21846.0,1595.0,21846.0,9262.0,12584.0,53028.0,23441.0,121.0,2665.0,1241.0,769.0,1992.0,1935.0,3679.0,5013.0,2095.0,3931.0,11354,25244.0,0.0,0,4197,0.0,0.0680431722196152,0.3951196621304552,0.11885158482999872,0.5368371656499296,0.16769762382150932,1996.5413582579433,2000.0519030409423
128,11355,20690.0,557.0,1369.0,1872.0,1692.0,1007.0,1657.0,1886.0,1771.0,6765.0,2114.0,32362.0,1725.0,55326.0,32362.0,31078.0,1284.0,31078.0,10388.0,20690.0,80801.0,32362.0,271.0,1482.0,1800.0,1840.0,2732.0,2729.0,6242.0,6952.0,2840.0,5474.0,11355,32214.0,0.0,0,6380,0.0,0.039676163401520304,0.32099375811136516,0.05416846919226253,0.6393300784871145,0.1691490019158272,1705.3165149241022,1710.4540751912134
129,11356,4101.0,121.0,262.0,423.0,515.0,288.0,112.0,254.0,378.0,1545.0,203.0,8923.0,2235.0,86730.0,8923.0,8171.0,752.0,8171.0,4070.0,4101.0,25824.0,8923.0,120.0,421.0,620.0,513.0,994.0,473.0,1698.0,1329.0,434.0,2321.0,11356,8479.0,0.0,0,4194,0.0,0.08427658859128095,0.4561246217639807,0.06062983301580186,0.4595987896447383,0.2601143113302701,1889.2575510654867,1892.3571070659787
130,11357,3577.0,68.0,232.0,574.0,334.0,270.0,249.0,181.0,173.0,1296.0,200.0,16643.0,2290.0,96988.0,16643.0,15962.0,681.0,15962.0,12385.0,3577.0,43346.0,16643.0,8.0,353.0,648.0,320.0,773.0,1668.0,2690.0,5668.0,1540.0,2975.0,11357,16150.0,0.0,0,9307,0.0,0.040918103707264314,0.7441567025175749,0.02169080093733101,0.21492519377516073,0.1787538304392237,1942.1663333547579,1940.6314854389163
131,11358,5594.0,144.0,354.0,499.0,637.0,545.0,536.0,321.0,231.0,1845.0,482.0,14028.0,2112.0,88165.0,14028.0,13430.0,598.0,13430.0,7836.0,5594.0,37665.0,14028.0,27.0,585.0,704.0,629.0,493.0,786.0,1027.0,2944.0,1897.0,4936.0,11358,14084.0,0.0,0,8203,0.0,0.042629027658967776,0.5585970915312233,0.04362703165098375,0.39877388080980897,0.35186769318505845,1841.1336610389756,1843.1565928956268
132,11360,2120.0,50.0,189.0,202.0,246.0,192.0,180.0,111.0,139.0,496.0,315.0,9893.0,2513.0,98875.0,9893.0,8974.0,919.0,8974.0,6854.0,2120.0,19469.0,9893.0,20.0,137.0,101.0,204.0,2225.0,1261.0,2833.0,2103.0,594.0,415.0,11360,9208.0,0.0,0,2440,0.0,0.09289396543010209,0.6928131001718387,0.015869806934195894,0.21429293439805924,0.04194885272414839,2070.8032857580565,2068.661709565156
133,11361,4614.0,62.0,546.0,560.0,555.0,412.0,434.0,153.0,316.0,1087.0,489.0,11893.0,2347.0,105932.0,11893.0,11234.0,659.0,11234.0,6620.0,4614.0,30127.0,11893.0,87.0,487.0,572.0,341.0,525.0,720.0,1382.0,3451.0,1404.0,2924.0,11361,11306.0,0.0,0,5990,0.0,0.055410745816867064,0.5566299503909863,0.04826368452030606,0.38795930379214666,0.24585890860169848,2098.8713767280797,2101.2536802923028
134,11362,1800.0,110.0,58.0,243.0,175.0,392.0,239.0,180.0,7.0,250.0,146.0,7652.0,3069.0,122090.0,7652.0,7223.0,429.0,7223.0,5423.0,1800.0,18492.0,7652.0,0.0,199.0,252.0,385.0,372.0,466.0,1507.0,3223.0,508.0,740.0,11362,7042.0,0.0,0,3193,0.0,0.056063774176685836,0.7087036069001568,0.026006272869837952,0.23523261892315733,0.0967067433350758,2140.164629718995,2139.760025057618
135,11363,769.0,11.0,45.0,68.0,66.0,45.0,163.0,0.0,71.0,262.0,38.0,2970.0,2254.0,125015.0,2970.0,2865.0,105.0,2865.0,2096.0,769.0,7223.0,2970.0,0.0,69.0,123.0,56.0,37.0,276.0,668.0,272.0,172.0,1297.0,11363,2877.0,0.0,0,1914,0.0,0.03535353535353535,0.7057239057239058,0.023232323232323233,0.25892255892255894,0.4367003367003367,2176.4975185327917,2178.5732617378744
136,11364,3993.0,83.0,219.0,609.0,329.0,245.0,352.0,128.0,304.0,1288.0,436.0,14553.0,2336.0,98359.0,14553.0,13581.0,972.0,13581.0,9588.0,3993.0,35276.0,14553.0,21.0,251.0,347.0,251.0,843.0,612.0,2202.0,6177.0,2518.0,1331.0,11364,13994.0,0.0,0,5879,0.0,0.06679035250463822,0.6588332302618017,0.01869030440459012,0.2743764172335601,0.09145880574452003,2037.4710130333315,2036.490545583168
137,11365,8779.0,318.0,854.0,974.0,1020.0,819.0,1118.0,466.0,592.0,1876.0,742.0,16947.0,1890.0,81258.0,16947.0,16384.0,563.0,16384.0,7605.0,8779.0,42322.0,16947.0,37.0,553.0,686.0,361.0,1064.0,830.0,1898.0,6137.0,4005.0,1376.0,11365,16865.0,0.0,0,6173,0.0,0.03322121909482504,0.4487519915029209,0.0348144214315218,0.5180267894022541,0.08119431167758305,1909.29497393485,1912.2078563760103
138,11366,1294.0,31.0,73.0,89.0,415.0,152.0,108.0,105.0,63.0,161.0,97.0,4977.0,2180.0,135373.0,4977.0,4700.0,277.0,4700.0,3406.0,1294.0,13463.0,4977.0,0.0,257.0,58.0,128.0,160.0,120.0,513.0,1498.0,1422.0,821.0,11366,5544.0,0.0,0,3529,0.0,0.05565601768133414,0.684348000803697,0.05163753265019088,0.25999598151496883,0.16495881052843078,2307.1601268023787,2307.642998002863
139,11367,7161.0,356.0,581.0,535.0,710.0,856.0,776.0,332.0,625.0,2010.0,380.0,15305.0,1900.0,75061.0,15305.0,14458.0,847.0,14458.0,7297.0,7161.0,40923.0,15305.0,72.0,367.0,579.0,250.0,778.0,1352.0,2269.0,5469.0,3139.0,1030.0,11367,14925.0,0.0,0,4593,0.0,0.05534139170205815,0.4767722966350866,0.02868343678536426,0.46788631166285527,0.06729826853969291,1760.7110501357797,1763.2876568778029
140,11368,23144.0,934.0,1312.0,2420.0,2521.0,2667.0,1561.0,1746.0,2375.0,6817.0,791.0,31358.0,1988.0,72270.0,31358.0,30079.0,1279.0,30079.0,6935.0,23144.0,105716.0,31358.0,59.0,1117.0,2097.0,982.0,1827.0,2947.0,6055.0,7021.0,2965.0,6288.0,11368,31569.0,0.0,0,7223,0.0,0.04078703998979527,0.22115568594935903,0.037502391734166717,0.7380572740608458,0.2005229925377894,1931.1482129844333,1937.2171821871602
141,11369,5442.0,28.0,276.0,476.0,646.0,769.0,643.0,435.0,675.0,1355.0,139.0,13878.0,1924.0,80297.0,13878.0,11066.0,2812.0,11066.0,5624.0,5442.0,35133.0,13878.0,0.0,288.0,255.0,267.0,580.0,564.0,1348.0,3721.0,2552.0,4303.0,11369,11094.0,0.0,0,5062,0.0,0.20262285631935437,0.40524571263870873,0.020752269779507133,0.3921314310419369,0.3100590863236778,2036.3064860631612,2036.6514537932824
142,11370,5050.0,51.0,355.0,325.0,614.0,806.0,355.0,302.0,570.0,1451.0,221.0,11718.0,2003.0,76009.0,11718.0,9436.0,2282.0,9436.0,4386.0,5050.0,30267.0,11718.0,14.0,111.0,149.0,561.0,635.0,583.0,2208.0,2714.0,2157.0,2586.0,11370,9475.0,0.0,0,3980,0.0,0.19474313022700118,0.3742959549411162,0.010667349377026797,0.4309609148318826,0.22068612391193038,1893.1288613098898,1894.2198854887417
143,11372,16088.0,957.0,1184.0,1834.0,1723.0,1414.0,1218.0,884.0,1069.0,4836.0,969.0,26335.0,1820.0,78606.0,26335.0,25399.0,936.0,25399.0,9311.0,16088.0,64756.0,26335.0,47.0,348.0,270.0,277.0,733.0,996.0,1649.0,6343.0,4650.0,11022.0,11372,24891.0,0.0,0,2346,0.0,0.03554205430036074,0.3535599012720714,0.014999050692994115,0.6108980444275679,0.4185304727548889,1871.7988418169984,1877.0711205920616
144,11373,23884.0,788.0,1672.0,2327.0,2083.0,2508.0,2544.0,1541.0,2349.0,7283.0,789.0,34996.0,1937.0,71480.0,34996.0,32577.0,2419.0,32577.0,8693.0,23884.0,98403.0,34996.0,293.0,842.0,1478.0,932.0,1333.0,2567.0,5973.0,7518.0,6844.0,7216.0,11373,33136.0,0.0,0,6663,0.0,0.0691221853926163,0.2483998171219568,0.032432277974625674,0.6824779974854269,0.20619499371356725,1834.1299892081192,1840.322085949031
145,11374,11417.0,525.0,828.0,1231.0,1443.0,1080.0,934.0,568.0,1102.0,3149.0,557.0,21152.0,1958.0,90631.0,21152.0,19625.0,1527.0,19625.0,8208.0,11417.0,46989.0,21152.0,60.0,592.0,615.0,613.0,843.0,883.0,3683.0,6155.0,3797.0,3911.0,11374,22057.0,0.0,0,3091,0.0,0.07219175491679274,0.3880484114977307,0.030824508320726172,0.5397598335854765,0.1848997730711044,2035.392232161911,2039.123617670263
146,11375,16855.0,834.0,1753.0,2273.0,2006.0,1563.0,981.0,973.0,1350.0,4101.0,1021.0,35673.0,2175.0,105904.0,35673.0,34061.0,1612.0,34061.0,17206.0,16855.0,76839.0,35673.0,52.0,319.0,600.0,527.0,846.0,2113.0,6609.0,8607.0,6608.0,9392.0,11375,35705.0,0.0,0,6437,0.0,0.045188237602668685,0.48232556835702073,0.010400022425924369,0.4724861940403106,0.26328035208701256,2159.1604466990866,2161.6418044738944
147,11377,23705.0,1219.0,1653.0,2263.0,2722.0,2933.0,2655.0,2101.0,1928.0,5474.0,757.0,35254.0,1804.0,73073.0,35254.0,33612.0,1642.0,33612.0,9907.0,23705.0,81690.0,35254.0,83.0,821.0,1489.0,1191.0,1281.0,2527.0,5232.0,5940.0,4469.0,12221.0,11377,33847.0,0.0,0,7101,0.0,0.046576275032620414,0.2810177568502865,0.025642480285925,0.6724059681170931,0.3466556986441255,1735.0806490423554,1740.013355532693
148,11378,5753.0,243.0,314.0,730.0,529.0,562.0,502.0,363.0,563.0,1573.0,374.0,14492.0,1993.0,85830.0,14492.0,12890.0,1602.0,12890.0,7137.0,5753.0,36392.0,14492.0,18.0,326.0,414.0,223.0,604.0,1002.0,1452.0,2021.0,1772.0,6660.0,11378,13671.0,0.0,0,7054,0.0,0.1105437482749103,0.49247860888766215,0.02373723433618548,0.39697764283742754,0.4595638973226608,1925.1694343081401,1926.640579707456
149,11379,5626.0,222.0,467.0,661.0,548.0,589.0,413.0,242.0,439.0,1573.0,472.0,15415.0,2040.0,93558.0,15415.0,14090.0,1325.0,14090.0,8464.0,5626.0,36773.0,15415.0,18.0,242.0,354.0,344.0,572.0,988.0,2309.0,3188.0,3000.0,4400.0,11379,15081.0,0.0,0,8388,0.0,0.0859552384041518,0.5490755757379177,0.016866688290626014,0.3649691858579306,0.28543626337982486,1932.9022389749607,1933.4141138952368
150,11385,26193.0,1263.0,2629.0,3151.0,3116.0,3022.0,2226.0,1493.0,2478.0,5525.0,1290.0,40186.0,2004.0,88838.0,40186.0,37778.0,2408.0,37778.0,11585.0,26193.0,101704.0,40186.0,198.0,831.0,1113.0,1101.0,746.0,2020.0,2815.0,3301.0,4003.0,24058.0,11385,38282.0,2107.0,259,13625,0.0550389216864322,0.05992136564972876,0.28828447718110783,0.025605932414273627,0.6517941571691633,0.5986662021599563,1793.9023067287735,1796.7237763595479
151,11411,1016.0,85.0,107.0,33.0,88.0,61.0,134.0,58.0,70.0,314.0,66.0,6852.0,1723.0,116458.0,6852.0,6632.0,220.0,6632.0,5616.0,1016.0,20540.0,6852.0,9.0,73.0,45.0,148.0,100.0,227.0,383.0,1738.0,2429.0,1700.0,11411,6000.0,81.0,4,5244,0.0135,0.03210741389375365,0.819614711033275,0.011967308814944542,0.14827787507297138,0.24810274372446,1961.97753967683,1959.9316727243595
152,11412,3422.0,167.0,322.0,422.0,222.0,336.0,306.0,283.0,245.0,926.0,193.0,12958.0,1680.0,97979.0,12958.0,12127.0,831.0,12127.0,8705.0,3422.0,39828.0,12958.0,0.0,255.0,385.0,202.0,152.0,456.0,610.0,1820.0,2644.0,6434.0,11412,11468.0,496.0,17,8442,0.0432507847924659,0.06413026701651489,0.6717857694088594,0.019678962802901684,0.2640839635746257,0.4965272418583115,1901.5678910315362,1900.031681786191
153,11413,3693.0,237.0,485.0,415.0,219.0,345.0,282.0,327.0,246.0,941.0,196.0,14755.0,2098.0,118440.0,14755.0,14014.0,741.0,14014.0,10321.0,3693.0,45965.0,14755.0,28.0,490.0,868.0,583.0,445.0,493.0,2063.0,3092.0,2693.0,4000.0,11413,12554.0,178.0,10,9282,0.0141787478094631,0.050220264317180616,0.6994916977295832,0.03510674347678753,0.2502880379532362,0.2710945442222975,2091.117582721118,2089.392809747692
154,11414,3056.0,106.0,157.0,478.0,146.0,297.0,215.0,205.0,181.0,985.0,286.0,12154.0,2113.0,95051.0,12154.0,11346.0,808.0,11346.0,8290.0,3056.0,31308.0,12154.0,39.0,232.0,283.0,367.0,584.0,1060.0,4392.0,2827.0,792.0,1578.0,11414,10698.0,643.0,9,5177,0.0601046924658814,0.06648017113707422,0.6820799736712193,0.02229718611156821,0.2514398551917064,0.12983379957215732,1841.6659363475858,1839.3054462472517
155,11415,5043.0,190.0,354.0,495.0,662.0,541.0,468.0,332.0,250.0,1615.0,136.0,9811.0,2002.0,86394.0,9811.0,9085.0,726.0,9085.0,4042.0,5043.0,21154.0,9811.0,12.0,120.0,166.0,232.0,353.0,1037.0,1289.0,1333.0,1663.0,3606.0,11415,9105.0,6283.0,92,1198,0.6900604063701263,0.07399857303027214,0.4119865457139945,0.013454286005504025,0.5140148812557334,0.3675466313321782,1928.577525562164,1914.8073316003215
156,11416,3864.0,80.0,316.0,200.0,372.0,490.0,414.0,226.0,307.0,1313.0,146.0,8026.0,2009.0,81188.0,8026.0,7535.0,491.0,7535.0,3671.0,3864.0,25919.0,8026.0,16.0,115.0,349.0,109.0,534.0,396.0,624.0,960.0,592.0,4331.0,11416,7235.0,262.0,40,3529,0.0362128541810642,0.061176177423374035,0.4573884874158983,0.016321953650635435,0.4814353351607276,0.5396212309992524,1886.510272797196,1890.082524773633
157,11417,3968.0,183.0,474.0,325.0,517.0,273.0,205.0,284.0,278.0,1206.0,223.0,9943.0,1868.0,87006.0,9943.0,9505.0,438.0,9505.0,5537.0,3968.0,30578.0,9943.0,10.0,162.0,243.0,314.0,459.0,781.0,1046.0,1619.0,1312.0,3997.0,11417,9607.0,365.0,32,5437,0.0379931300093681,0.044051091219953736,0.5568741828422006,0.017298602031580006,0.3990747259378457,0.40199135069898423,1813.397374034214,1814.8971649486916
158,11418,6031.0,314.0,464.0,519.0,686.0,660.0,344.0,409.0,414.0,1757.0,464.0,12005.0,1800.0,90156.0,12005.0,11643.0,362.0,11643.0,5612.0,6031.0,35481.0,12005.0,20.0,206.0,282.0,121.0,397.0,398.0,639.0,1215.0,1944.0,6783.0,11418,11825.0,2661.0,98,4744,0.2250317124735729,0.030154102457309453,0.46747188671386924,0.01882548937942524,0.5023740108288213,0.5650145772594752,1924.8398665676368,1923.4043174809292
159,11419,5084.0,289.0,410.0,348.0,456.0,373.0,457.0,494.0,399.0,1646.0,212.0,14053.0,1946.0,93399.0,14053.0,13300.0,753.0,13300.0,8216.0,5084.0,47441.0,14053.0,0.0,158.0,605.0,298.0,476.0,663.0,744.0,1015.0,1674.0,8420.0,11419,12382.0,546.0,48,7180,0.0440962687772573,0.053582864868711305,0.5846438482886216,0.011243150928627339,0.361773286842667,0.5991603216395076,1891.3650814932953,1891.8456602861313
160,11420,3909.0,145.0,242.0,560.0,445.0,242.0,472.0,199.0,215.0,1158.0,231.0,14704.0,2064.0,100006.0,14704.0,14001.0,703.0,14001.0,10092.0,3909.0,49415.0,14704.0,62.0,538.0,494.0,720.0,336.0,574.0,1053.0,2202.0,1993.0,6732.0,11420,13509.0,218.0,7,8906,0.0161373898882226,0.047810119695321,0.6863438520130577,0.040805223068552776,0.26584602829162135,0.4578346028291621,1880.042672744854,1879.4819638974147
161,11421,5474.0,192.0,491.0,580.0,422.0,560.0,338.0,244.0,498.0,1540.0,609.0,12848.0,1978.0,90685.0,12848.0,12112.0,736.0,12112.0,6638.0,5474.0,40612.0,12848.0,7.0,185.0,288.0,147.0,453.0,370.0,734.0,1652.0,1360.0,7652.0,11421,12187.0,1103.0,37,6038,0.0905062771806022,0.057285180572851806,0.5166562889165629,0.014943960149439602,0.4260585305105853,0.5955790784557908,1963.9662500262596,1964.5295414121272
162,11422,3330.0,170.0,193.0,269.0,488.0,365.0,256.0,360.0,276.0,867.0,86.0,10711.0,2510.0,114697.0,10711.0,10325.0,386.0,10325.0,6995.0,3330.0,33757.0,10711.0,26.0,135.0,401.0,368.0,348.0,909.0,1876.0,2991.0,1945.0,1712.0,11422,9737.0,20.0,1,6407,0.0020540207456095,0.036037718233591635,0.6530669405284287,0.01503127625805247,0.3108953412379796,0.15983568294276912,2043.595643058293,2044.2011914149673
163,11423,4262.0,224.0,256.0,301.0,348.0,403.0,386.0,241.0,329.0,1385.0,389.0,10201.0,1788.0,80054.0,10201.0,9623.0,578.0,9623.0,5361.0,4262.0,28534.0,10201.0,50.0,117.0,386.0,139.0,302.0,433.0,1112.0,2588.0,1446.0,3628.0,11423,10285.0,2034.0,42,4987,0.1977637335926106,0.05666111165572003,0.5255367120870503,0.01637094402509558,0.4178021762572297,0.3556514067248309,1758.4189015839445,1755.4517286590851
164,11426,1905.0,26.0,189.0,364.0,200.0,91.0,177.0,90.0,371.0,334.0,63.0,6734.0,1997.0,103533.0,6734.0,6397.0,337.0,6397.0,4492.0,1905.0,19411.0,6734.0,12.0,154.0,193.0,81.0,117.0,148.0,658.0,2042.0,1474.0,1855.0,11426,6405.0,624.0,3,4301,0.097423887587822,0.050044550044550044,0.667062667062667,0.02465102465102465,0.2828927828927829,0.27546777546777546,1961.8674490930553,1959.8407433622572
165,11427,3076.0,86.0,193.0,325.0,436.0,433.0,361.0,83.0,309.0,811.0,39.0,8540.0,1748.0,88980.0,8540.0,8321.0,219.0,8321.0,5245.0,3076.0,24607.0,8540.0,16.0,69.0,207.0,89.0,342.0,264.0,756.0,3025.0,1889.0,1883.0,11427,7737.0,1611.0,22,4159,0.208220240403257,0.025644028103044496,0.6141686182669789,0.009953161592505855,0.36018735362997656,0.22049180327868853,1820.7766415700698,1816.8062882239763
166,11428,1580.0,29.0,48.0,160.0,64.0,150.0,52.0,83.0,168.0,720.0,106.0,6187.0,1947.0,91296.0,6187.0,5946.0,241.0,5946.0,4366.0,1580.0,19028.0,6187.0,12.0,23.0,95.0,24.0,77.0,121.0,325.0,639.0,1340.0,3531.0,11428,5743.0,525.0,16,4187,0.0914156364269545,0.038952642637788915,0.7056731857119767,0.005657022789720381,0.25537417165023435,0.5707127848715048,1804.1387983309849,1802.7563109908117
167,11429,2220.0,72.0,131.0,191.0,146.0,318.0,134.0,44.0,426.0,567.0,191.0,8532.0,1649.0,102880.0,8532.0,8136.0,396.0,8136.0,5916.0,2220.0,26832.0,8532.0,0.0,89.0,32.0,84.0,76.0,136.0,723.0,1351.0,2341.0,3700.0,11429,7284.0,207.0,5,5508,0.0284184514003294,0.046413502109704644,0.6933895921237694,0.01043131739334271,0.26019690576652604,0.4336615096108767,1931.0938338483295,1930.7107072055596
168,11432,13346.0,491.0,1028.0,1161.0,1508.0,1318.0,954.0,784.0,1133.0,4385.0,584.0,22157.0,1872.0,74096.0,22157.0,20793.0,1364.0,20793.0,7447.0,13346.0,62892.0,22157.0,529.0,1529.0,1400.0,476.0,887.0,1544.0,4089.0,3067.0,2447.0,6189.0,11432,22890.0,11560.0,221,6065,0.5050240279598078,0.06156068059755382,0.33610145777858014,0.09288261046170511,0.602337861623866,0.27932481834183326,1760.7200805183647,1753.1266117411906
169,11433,5898.0,278.0,517.0,420.0,603.0,370.0,723.0,376.0,711.0,1701.0,199.0,12261.0,1609.0,77519.0,12261.0,11214.0,1047.0,11214.0,5316.0,5898.0,37884.0,12261.0,173.0,558.0,1298.0,1421.0,465.0,607.0,1000.0,1999.0,1170.0,3570.0,11433,11864.0,933.0,54,5586,0.0786412677006068,0.08539270858820651,0.43356985563983363,0.059619933121278855,0.4810374357719599,0.29116711524345484,1625.7477178756633,1626.8329335721598
170,11434,11999.0,906.0,1065.0,1473.0,1338.0,892.0,1110.0,536.0,910.0,3168.0,601.0,23845.0,1469.0,77598.0,23845.0,22851.0,994.0,22851.0,10852.0,11999.0,68263.0,23845.0,167.0,998.0,1029.0,1590.0,1002.0,897.0,6851.0,2972.0,2402.0,5937.0,11434,22161.0,926.0,15,9877,0.0417851180000902,0.04168588802684001,0.45510589222059133,0.04885720276787586,0.5032082197525687,0.24898301530719227,1528.2057826997086,1528.3607582209274
171,11435,12853.0,475.0,1144.0,1079.0,1198.0,1479.0,1516.0,942.0,1071.0,3361.0,588.0,21405.0,1842.0,79710.0,21405.0,20083.0,1322.0,20083.0,7230.0,12853.0,56826.0,21405.0,157.0,2171.0,848.0,589.0,526.0,984.0,2233.0,4466.0,3360.0,6071.0,11435,22841.0,11210.0,167,5485,0.4907841162821242,0.06176127073113759,0.33777154870357395,0.10875963559915908,0.6004671805652885,0.28362532118663863,1992.4405756642718,1983.9033596235602
172,11436,2294.0,102.0,154.0,167.0,272.0,136.0,140.0,98.0,160.0,912.0,153.0,6843.0,2171.0,88047.0,6843.0,6568.0,275.0,6568.0,4274.0,2294.0,22527.0,6843.0,0.0,181.0,418.0,255.0,310.0,275.0,1108.0,800.0,828.0,2668.0,11436,6650.0,4.0,1,4246,0.0006015037593984,0.0401870524623703,0.624579862633348,0.026450387257051,0.3352330849042818,0.3898874762531054,1770.1161994461281,1771.7261093231955
173,11691,16665.0,1049.0,1126.0,915.0,1993.0,1893.0,1332.0,1320.0,1426.0,4702.0,909.0,24072.0,1425.0,56135.0,24072.0,23039.0,1033.0,23039.0,6374.0,16665.0,69359.0,24072.0,276.0,925.0,2531.0,1196.0,1430.0,4074.0,3541.0,4225.0,1461.0,4413.0,11691,24882.0,9036.0,156,5608,0.3631540872920183,0.042912927883017614,0.2647889664340312,0.049891990694582916,0.6922981056829511,0.18332502492522432,1498.3750173523274,1494.4398009073723
174,11692,5400.0,342.0,471.0,405.0,408.0,251.0,426.0,560.0,412.0,1734.0,391.0,8415.0,1161.0,49720.0,8415.0,8070.0,345.0,8070.0,2670.0,5400.0,22734.0,8415.0,135.0,1175.0,1307.0,361.0,275.0,1368.0,1223.0,1205.0,382.0,984.0,11692,8348.0,83.0,16,2083,0.0099425011978917,0.040998217468805706,0.3172905525846702,0.1556743909685086,0.6417112299465241,0.11693404634581105,1448.513546371703,1454.3128274736762
175,11693,2847.0,112.0,238.0,240.0,301.0,375.0,220.0,87.0,171.0,907.0,196.0,5922.0,1216.0,68449.0,5922.0,5559.0,363.0,5559.0,2712.0,2847.0,13244.0,5922.0,0.0,377.0,811.0,406.0,71.0,495.0,1128.0,997.0,520.0,1117.0,11693,4727.0,340.0,48,1526,0.0719272265707637,0.061296859169199594,0.4579533941236069,0.06366092536305303,0.4807497467071935,0.18861870989530563,1614.6651567300821,1615.9776261264187
176,11694,3963.0,310.0,263.0,685.0,572.0,284.0,332.0,276.0,127.0,816.0,298.0,9078.0,1757.0,111011.0,9078.0,8165.0,913.0,8165.0,4202.0,3963.0,21489.0,9078.0,44.0,260.0,1090.0,177.0,329.0,592.0,2108.0,1046.0,560.0,2872.0,11694,9553.0,1423.0,29,3513,0.1489584423741233,0.10057281339502093,0.462877285745759,0.03348755232430051,0.4365499008592201,0.31636924432694424,2185.841861340556,2183.7812135587005
